id,version,genesymbol,name,pharmvarid,matchesreferencesequence,structuralvariation
9000,1,HLA-A,*31:01,,False,False
9001,1,HLA-B,*15:02,,False,False
9002,1,HLA-B,*57:01,,False,False
9003,1,HLA-B,*58:01,,False,False
777333,70,CFTR,E56K,,False,False
777357,70,CFTR,P67L,,False,False
779064,125,NUDT15,*1,PV01597,True,False
779086,125,NUDT15,*12,PV01608,False,False
779090,125,NUDT15,*14,PV01610,False,False
779096,125,NUDT15,*17,PV01613,False,False
779068,125,NUDT15,*3,PV01599,False,False
779070,125,NUDT15,*4,PV01600,False,False
779078,125,NUDT15,*8,PV01604,False,False
779337,119,SLCO1B1,*31,PV01644,False,False
1002689,110,SLCO1B1,*39,PV01651,False,False
1002701,110,SLCO1B1,*45,PV01657,False,False
779289,119,SLCO1B1,*7,PV01624,False,False
777578,126,CYP2C19,*26,PV00621,False,False
777580,126,CYP2C19,*28,PV00622,False,False
777592,126,CYP2C19,*34,PV02143,False,False
777690,126,CYP2C9,*12,PV00548,False,False
777704,126,CYP2C9,*19,PV00555,False,False
777716,126,CYP2C9,*25,PV00561,False,False
777732,126,CYP2C9,*33,PV00569,False,False
777746,126,CYP2C9,*40,PV00576,False,False
777758,126,CYP2C9,*46,PV00582,False,False
777766,126,CYP2C9,*50,PV00586,False,False
777776,126,CYP2C9,*55,PV00591,False,False
777678,126,CYP2C9,*6,PV00542,False,False
777794,126,CYP2C9,*64,PV01419,False,False
777680,126,CYP2C9,*7,PV00543,False,False
1406321,96,CYP2C9,*75,PV01742,False,False
777682,126,CYP2C9,*8,PV00544,False,False
1933003,76,CYP2C9,*85,PV01798,False,False
778118,126,CYP2D6,*100,PV00517,False,False
778126,126,CYP2D6,*104,PV00521,False,False
778138,126,CYP2D6,*110,PV00527,False,False
778148,126,CYP2D6,*115,PV00532,False,False
777958,126,CYP2D6,*12,PV00437,False,False
778162,126,CYP2D6,*122,PV00632,False,False
778172,126,CYP2D6,*127,PV00635,False,False
778182,126,CYP2D6,*132,PV00687,False,False
778192,126,CYP2D6,*137,PV00692,False,False
778206,126,CYP2D6,*144,PV01436,False,False
1103381,108,CYP2D6,*149,PV01730,False,False
2091242,70,CYP2D6,*155,PV01936,False,False
2091254,70,CYP2D6,*161,PV01963,False,False
2677045,48,CYP2D6,*167,PV02159,False,False
3318539,25,CYP2D6,*172,PV02301,False,False
777970,126,CYP2D6,*19,PV02196,False,False
777978,126,CYP2D6,*23,PV00447,False,False
777988,126,CYP2D6,*28,PV00452,False,False
777998,126,CYP2D6,*33,PV00457,False,False
778008,126,CYP2D6,*38,PV01592,False,False
778016,126,CYP2D6,*42,PV02297,False,False
778026,126,CYP2D6,*47,PV00471,False,False
778034,126,CYP2D6,*51,PV00475,False,False
778044,126,CYP2D6,*56,PV00480,False,False
778054,121,CYP2D6,*61,PV00485,False,True
778064,121,CYP2D6,*68,PV00490,False,True
778072,126,CYP2D6,*72,PV00494,False,False
778080,126,CYP2D6,*81,PV00498,False,False
778090,126,CYP2D6,*86,PV00503,False,False
778098,126,CYP2D6,*90,PV00507,False,False
778108,126,CYP2D6,*95,PV00512,False,False
778218,126,CYP3A5,*1,PV01323,True,False
778234,126,CYP3A5,*9,PV01331,False,False
3318595,25,CYP4F2,*13,PV02324,False,False
778242,125,CYP4F2,*3,PV02214,False,False
3318585,25,CYP4F2,*8,PV02314,False,False
777722,126,CYP2C9,*28,PV00564,False,False
777724,126,CYP2C9,*29,PV00565,False,False
4058604,2,CYP4F2,*17,PV02391,False,False
778337,70,DPYD,c.295_298delTCAT (*7),,False,False
778435,70,DPYD,c.1905C>G,,False,False
778453,70,DPYD,c.2279C>T,,False,False
778485,70,DPYD,c.2983G>T (*10),,False,False
778483,70,DPYD,c.2977C>T,,False,False
778714,70,G6PD,202G>A_376A>G_1264C>G,,False,False
778752,70,G6PD,A,,False,False
778712,70,G6PD,A- 202A_376G,,False,False
778742,70,G6PD,Acrokorinthos,,False,False
779002,70,G6PD,Andalus,,False,False
778826,70,G6PD,Asahikawa,,False,False
778938,70,G6PD,"Beverly Hills, Genova, Iwate, Niigata, Yamaguchi",,False,False
779038,70,G6PD,Brighton,,False,False
778774,70,G6PD,Gond,,False,False
778906,70,G6PD,Ierapetra,,False,False
778724,70,G6PD,Lagosanto,,False,False
778800,71,G6PD,"Mediterranean, Dallas, Panama, Sassari, Cagliari, Birmingham",,False,False
778802,70,G6PD,Pedoplis-Ckaro,,False,False
778744,70,G6PD,Santa Maria,,False,False
778678,70,G6PD,Sunderland,,False,False
778722,70,G6PD,Ube Konan,,False,False
777694,126,CYP2C9,*14,PV00550,False,False
777728,126,CYP2C9,*31,PV00567,False,False
777738,126,CYP2C9,*36,PV00572,False,False
777798,126,CYP2C9,*66,PV01421,False,False
777994,126,CYP2D6,*31,PV00455,False,False
779041,70,IFNL3,rs12979860 reference (C),,True,False
777472,126,CYP2B6,*27,PV00765,False,False
2899142,40,CYP2B6,*39,PV02266,False,False
2899146,40,CYP2B6,*41,PV02270,False,False
2899148,40,CYP2B6,*42,PV02272,False,False
2899150,40,CYP2B6,*43,PV02274,False,False
2899152,40,CYP2B6,*44,PV02276,False,False
777262,70,CACNA1S,Reference,,True,False
777266,70,CACNA1S,c.3257G>A,,False,False
777307,70,CFTR,ivacaftor non-responsive CFTR sequence,,True,False
777379,70,CFTR,S549R(A>C),,False,False
777339,70,CFTR,F1074L,,False,False
3827904,3,MT-RNR1,m.1095T>C,,False,False
777446,126,CYP2B6,*13,PV00751,False,False
777458,126,CYP2B6,*20,PV00758,False,False
777488,126,CYP2B6,*35,PV00775,False,False
777546,126,CYP2C19,*8,PV02136,False,False
777688,126,CYP2C9,*11,PV00547,False,False
777696,126,CYP2C9,*15,PV00551,False,False
777710,126,CYP2C9,*22,PV00558,False,False
777674,126,CYP2C9,*4,PV00540,False,False
1508724,51,ABCG2,rs2231142 reference (G),,True,False
779160,70,RYR1,c.742G>A,,False,False
3685398,9,RYR1,c.1144C>A,,False,False
3685428,9,RYR1,c.1565A>G,,False,False
3685458,9,RYR1,c.2537C>T,,False,False
3685488,9,RYR1,c.4024A>G,,False,False
3685520,9,RYR1,c.5440A>G,,False,False
3685550,9,RYR1,c.6488G>T,,False,False
3685580,9,RYR1,c.6743G>A,,False,False
779202,70,RYR1,c.7063C>T,,False,False
779206,70,RYR1,c.7282G>A,,False,False
3685646,9,RYR1,c.7292A>T,,False,False
779220,70,RYR1,c.7373G>A,,False,False
3685704,9,RYR1,c.7879G>C,,False,False
3685734,9,RYR1,c.8654C>G,,False,False
3685764,9,RYR1,c.9850T>A,,False,False
3685794,9,RYR1,c.11120G>T,,False,False
3685824,9,RYR1,c.11958C>G,,False,False
3685854,9,RYR1,c.12533G>T,,False,False
3685884,9,RYR1,c.13918A>G,,False,False
3685914,9,RYR1,c.14422_14423delinsAA,,False,False
3685516,9,RYR1,c.5341T>C,,False,False
778104,126,CYP2D6,*93,PV00510,False,False
778228,126,CYP3A5,*6,PV01328,False,False
3318597,25,CYP4F2,*14,PV02326,False,False
2784578,44,CYP4F2,*7,PV02227,False,False
778357,70,DPYD,c.703C>T (*8),,False,False
3685366,9,RYR1,c.625G>A,,False,False
2899144,40,CYP2B6,*40,PV02268,False,False
2899160,40,CYP2B6,*48,PV02284,False,False
777586,126,CYP2C19,*31,PV00625,False,False
777596,121,CYP2C19,*36,PV00730,False,True
777668,126,CYP2C9,*1,PV00537,True,False
777708,126,CYP2C9,*21,PV00557,False,False
777718,126,CYP2C9,*26,PV00562,False,False
777736,126,CYP2C9,*35,PV00571,False,False
777754,126,CYP2C9,*44,PV00580,False,False
777808,126,CYP2C9,*71,PV01444,False,False
1932995,76,CYP2C9,*81,PV01790,False,False
778134,126,CYP2D6,*108,PV00525,False,False
778154,126,CYP2D6,*118,PV00535,False,False
778158,126,CYP2D6,*120,PV00630,False,False
777960,121,CYP2D6,*13,PV00438,False,True
778194,126,CYP2D6,*138,PV00722,False,False
778198,126,CYP2D6,*140,PV01361,False,False
2091240,70,CYP2D6,*154,PV01934,False,False
2091248,70,CYP2D6,*158,PV01951,False,False
2677041,48,CYP2D6,*165,PV02201,False,False
777494,126,CYP2B6,*38,PV00778,False,False
777428,126,CYP2B6,*4,PV00742,False,False
2899154,40,CYP2B6,*45,PV02278,False,False
2899156,40,CYP2B6,*46,PV02280,False,False
2899158,40,CYP2B6,*47,PV02282,False,False
2899162,40,CYP2B6,*49,PV02286,False,False
777430,126,CYP2B6,*5,PV00743,False,False
777432,126,CYP2B6,*6,PV00744,False,False
777530,126,CYP2C19,*38,PV02145,True,False
777538,126,CYP2C19,*4,PV00601,False,False
777540,126,CYP2C19,*5,PV02131,False,False
777542,126,CYP2C19,*6,PV00603,False,False
777544,126,CYP2C19,*7,PV02134,False,False
777548,126,CYP2C19,*9,PV00606,False,False
777422,126,CYP2B6,*1,PV00738,True,False
777440,126,CYP2B6,*10,PV00748,False,False
777442,126,CYP2B6,*11,PV00749,False,False
777444,126,CYP2B6,*12,PV00750,False,False
777448,126,CYP2B6,*14,PV00752,False,False
777450,126,CYP2B6,*15,PV00753,False,False
777452,126,CYP2B6,*17,PV00755,False,False
777454,126,CYP2B6,*18,PV00756,False,False
777456,126,CYP2B6,*19,PV00757,False,False
777424,126,CYP2B6,*2,PV00740,False,False
777363,70,CFTR,R117C,,False,False
777460,126,CYP2B6,*21,PV00759,False,False
777462,126,CYP2B6,*22,PV00760,False,False
777464,126,CYP2B6,*23,PV00761,False,False
777466,126,CYP2B6,*24,PV00762,False,False
777468,126,CYP2B6,*25,PV00763,False,False
777470,126,CYP2B6,*26,PV00764,False,False
777474,126,CYP2B6,*28,PV00766,False,False
777476,121,CYP2B6,*29,PV00767,False,True
777434,126,CYP2B6,*7,PV00745,False,False
777426,126,CYP2B6,*3,PV00741,False,False
777436,126,CYP2B6,*8,PV00746,False,False
777438,126,CYP2B6,*9,PV00747,False,False
777532,126,CYP2C19,*1,PV00598,False,False
777550,126,CYP2C19,*10,PV00607,False,False
777478,121,CYP2B6,*30,PV00770,False,True
777480,126,CYP2B6,*31,PV00771,False,False
777482,126,CYP2B6,*32,PV00772,False,False
777484,126,CYP2B6,*33,PV00848,False,False
777486,126,CYP2B6,*34,PV00774,False,False
777490,126,CYP2B6,*36,PV00776,False,False
777492,126,CYP2B6,*37,PV00777,False,False
1508726,51,ABCG2,rs2231142 variant (T),,False,False
777264,70,CACNA1S,c.520C>T,,False,False
777371,70,CFTR,R74W,,False,False
777321,70,CFTR,D110E,,False,False
777323,70,CFTR,D110H,,False,False
777365,70,CFTR,R117H,,False,False
777347,70,CFTR,G178R,,False,False
777331,70,CFTR,E193K,,False,False
777315,70,CFTR,711+3A->G,,False,False
777355,70,CFTR,L206W,,False,False
777367,70,CFTR,R347H,,False,False
777369,70,CFTR,R352Q,,False,False
777319,70,CFTR,A455E,,False,False
777377,70,CFTR,S549N,,False,False
777381,70,CFTR,S549R(T>G),,False,False
777351,70,CFTR,G551S,,False,False
777349,70,CFTR,G551D,,False,False
777329,70,CFTR,D579G,,False,False
777335,70,CFTR,E831X,,False,False
777309,70,CFTR,2789+5G->A,,False,False
777383,70,CFTR,S945L,,False,False
777385,70,CFTR,S977F,,False,False
777311,70,CFTR,3272-26A->G,,False,False
777337,70,CFTR,F1052V,,False,False
777353,70,CFTR,K1060T,,False,False
777317,70,CFTR,A1067T,,False,False
777341,70,CFTR,G1069R,,False,False
777359,70,CFTR,R1070Q,,False,False
777361,70,CFTR,R1070W,,False,False
777325,70,CFTR,D1152H,,False,False
777313,70,CFTR,3849+10kbC->T,,False,False
777343,70,CFTR,G1244E,,False,False
777373,70,CFTR,S1251N,,False,False
777375,70,CFTR,S1255P,,False,False
777327,70,CFTR,D1270N,,False,False
777345,70,CFTR,G1349D,,False,False
777552,126,CYP2C19,*11,PV00608,False,False
777554,126,CYP2C19,*12,PV00609,False,False
777556,126,CYP2C19,*13,PV00610,False,False
777558,126,CYP2C19,*14,PV00611,False,False
777560,126,CYP2C19,*15,PV00612,False,False
777562,126,CYP2C19,*16,PV02139,False,False
777564,126,CYP2C19,*17,PV00614,False,False
777566,126,CYP2C19,*18,PV00615,False,False
777568,126,CYP2C19,*19,PV00616,False,False
777534,126,CYP2C19,*2,PV00599,False,False
777570,126,CYP2C19,*22,PV00617,False,False
777572,126,CYP2C19,*23,PV00618,False,False
777574,126,CYP2C19,*24,PV00619,False,False
777576,126,CYP2C19,*25,PV00620,False,False
777536,126,CYP2C19,*3,PV00600,False,False
777598,121,CYP2C19,*37,PV00732,False,True
777600,126,CYP2C19,*39,PV01528,False,False
777686,126,CYP2C9,*10,PV00546,False,False
777692,126,CYP2C9,*13,PV00549,False,False
777698,126,CYP2C9,*16,PV00552,False,False
777700,126,CYP2C9,*17,PV00553,False,False
777706,126,CYP2C9,*20,PV00556,False,False
777702,126,CYP2C9,*18,PV00554,False,False
777712,126,CYP2C9,*23,PV00559,False,False
777714,126,CYP2C9,*24,PV00560,False,False
777720,126,CYP2C9,*27,PV00563,False,False
777672,126,CYP2C9,*3,PV00539,False,False
777730,126,CYP2C9,*32,PV00568,False,False
777726,126,CYP2C9,*30,PV00566,False,False
777734,126,CYP2C9,*34,PV00570,False,False
777740,126,CYP2C9,*37,PV00573,False,False
777742,126,CYP2C9,*38,PV00574,False,False
777768,126,CYP2C9,*51,PV00587,False,False
777744,126,CYP2C9,*39,PV00575,False,False
777748,126,CYP2C9,*41,PV00577,False,False
777750,126,CYP2C9,*42,PV00578,False,False
777752,126,CYP2C9,*43,PV00579,False,False
777756,126,CYP2C9,*45,PV00581,False,False
777760,126,CYP2C9,*47,PV00583,False,False
777762,126,CYP2C9,*48,PV00584,False,False
777764,126,CYP2C9,*49,PV00585,False,False
777676,126,CYP2C9,*5,PV00541,False,False
777770,126,CYP2C9,*52,PV00588,False,False
777772,126,CYP2C9,*53,PV00589,False,False
777774,126,CYP2C9,*54,PV00590,False,False
777778,126,CYP2C9,*56,PV00592,False,False
777936,126,CYP2D6,*1,PV00426,True,False
777780,126,CYP2C9,*57,PV00593,False,False
777782,126,CYP2C9,*58,PV00594,False,False
777784,126,CYP2C9,*59,PV00595,False,False
777786,126,CYP2C9,*60,PV00596,False,False
777788,126,CYP2C9,*61,PV00597,False,False
777790,126,CYP2C9,*62,PV00851,False,False
777792,126,CYP2C9,*63,PV01418,False,False
777796,126,CYP2C9,*65,PV01420,False,False
777800,126,CYP2C9,*67,PV01422,False,False
777802,126,CYP2C9,*68,PV01423,False,False
777804,126,CYP2C9,*69,PV01424,False,False
777806,126,CYP2C9,*70,PV01425,False,False
1406315,96,CYP2C9,*72,PV01736,False,False
1406317,96,CYP2C9,*73,PV01738,False,False
1406319,96,CYP2C9,*74,PV01803,False,False
1932985,76,CYP2C9,*76,PV01780,False,False
1932987,76,CYP2C9,*77,PV01782,False,False
1932989,76,CYP2C9,*78,PV01784,False,False
1932991,76,CYP2C9,*79,PV01786,False,False
1932993,76,CYP2C9,*80,PV01788,False,False
1932997,76,CYP2C9,*82,PV01792,False,False
1932999,76,CYP2C9,*83,PV01794,False,False
1933001,76,CYP2C9,*84,PV01796,False,False
777684,126,CYP2C9,*9,PV00545,False,False
777954,126,CYP2D6,*10,PV00435,False,False
777956,126,CYP2D6,*11,PV00436,False,False
777962,126,CYP2D6,*14,PV00439,False,False
777964,126,CYP2D6,*15,PV00440,False,False
777670,126,CYP2C9,*2,PV00538,False,False
777972,126,CYP2D6,*20,PV01749,False,False
777966,126,CYP2D6,*17,PV00441,False,False
777968,126,CYP2D6,*18,PV01591,False,False
777938,126,CYP2D6,*2,PV00427,False,False
777974,126,CYP2D6,*21,PV00445,False,False
777976,126,CYP2D6,*22,PV00446,False,False
777980,126,CYP2D6,*24,PV00448,False,False
777992,126,CYP2D6,*30,PV00454,False,False
777982,126,CYP2D6,*25,PV00449,False,False
777984,126,CYP2D6,*26,PV00450,False,False
777986,126,CYP2D6,*27,PV00451,False,False
777990,126,CYP2D6,*29,PV00453,False,False
777940,126,CYP2D6,*3,PV00428,False,False
777996,126,CYP2D6,*32,PV00456,False,False
778000,126,CYP2D6,*34,PV00458,False,False
778002,126,CYP2D6,*35,PV00459,False,False
778012,126,CYP2D6,*40,PV00464,False,False
778004,126,CYP2D6,*36,PV02379,False,False
778006,126,CYP2D6,*37,PV00461,False,False
778010,126,CYP2D6,*39,PV00463,False,False
777942,126,CYP2D6,*4,PV00429,False,False
778014,126,CYP2D6,*41,PV00465,False,False
778018,126,CYP2D6,*43,PV00467,False,False
778020,126,CYP2D6,*44,PV00468,False,False
778032,126,CYP2D6,*50,PV00474,False,False
778022,126,CYP2D6,*45,PV00469,False,False
778024,126,CYP2D6,*46,PV00470,False,False
778028,126,CYP2D6,*48,PV00472,False,False
778030,126,CYP2D6,*49,PV00473,False,False
777944,121,CYP2D6,*5,PV00430,False,True
778036,126,CYP2D6,*52,PV00476,False,False
778038,126,CYP2D6,*53,PV00477,False,False
778040,126,CYP2D6,*54,PV00478,False,False
778052,126,CYP2D6,*60,PV00484,False,False
778042,126,CYP2D6,*55,PV00479,False,False
778048,126,CYP2D6,*58,PV00482,False,False
778050,126,CYP2D6,*59,PV00483,False,False
777946,126,CYP2D6,*6,PV00431,False,False
778056,126,CYP2D6,*62,PV00486,False,False
778058,121,CYP2D6,*63,PV00487,False,True
778060,126,CYP2D6,*64,PV00488,False,False
778068,126,CYP2D6,*70,PV00492,False,False
778062,126,CYP2D6,*65,PV00489,False,False
778066,126,CYP2D6,*69,PV00491,False,False
777948,126,CYP2D6,*7,PV00432,False,False
778070,126,CYP2D6,*71,PV00493,False,False
778074,126,CYP2D6,*73,PV00495,False,False
778078,126,CYP2D6,*75,PV00497,False,False
778082,126,CYP2D6,*82,PV00499,False,False
777950,126,CYP2D6,*8,PV00433,False,False
778084,126,CYP2D6,*83,PV02385,False,False
778086,126,CYP2D6,*84,PV00501,False,False
778088,126,CYP2D6,*85,PV00502,False,False
778092,126,CYP2D6,*87,PV00504,False,False
778094,126,CYP2D6,*88,PV00505,False,False
778096,126,CYP2D6,*89,PV00506,False,False
777582,126,CYP2C19,*29,PV00623,False,False
777584,126,CYP2C19,*30,PV02141,False,False
777588,126,CYP2C19,*32,PV00626,False,False
777590,126,CYP2C19,*33,PV00627,False,False
777594,126,CYP2C19,*35,PV00629,False,False
778076,126,CYP2D6,*74,PV00496,False,False
777952,126,CYP2D6,*9,PV00434,False,False
778124,126,CYP2D6,*103,PV00520,False,False
778128,126,CYP2D6,*105,PV00522,False,False
778130,126,CYP2D6,*106,PV00523,False,False
778132,126,CYP2D6,*107,PV00524,False,False
778136,126,CYP2D6,*109,PV00526,False,False
778140,126,CYP2D6,*111,PV00528,False,False
778142,126,CYP2D6,*112,PV00529,False,False
778144,126,CYP2D6,*113,PV00530,False,False
778146,126,CYP2D6,*114,PV00531,False,False
778150,126,CYP2D6,*116,PV00533,False,False
778152,126,CYP2D6,*117,PV00534,False,False
778156,126,CYP2D6,*119,PV00536,False,False
778160,126,CYP2D6,*121,PV00631,False,False
778164,126,CYP2D6,*123,PV00633,False,False
778166,126,CYP2D6,*124,PV00634,False,False
778168,126,CYP2D6,*125,PV00681,False,False
778170,126,CYP2D6,*126,PV00682,False,False
778174,126,CYP2D6,*128,PV01408,False,False
778176,126,CYP2D6,*129,PV00684,False,False
778178,126,CYP2D6,*130,PV00685,False,False
778180,126,CYP2D6,*131,PV00686,False,False
778184,126,CYP2D6,*133,PV00688,False,False
778186,126,CYP2D6,*134,PV00689,False,False
778188,126,CYP2D6,*135,PV00690,False,False
778190,126,CYP2D6,*136,PV00691,False,False
778196,126,CYP2D6,*139,PV00728,False,False
778200,126,CYP2D6,*141,PV02389,False,False
778202,126,CYP2D6,*142,PV01434,False,False
778204,126,CYP2D6,*143,PV01435,False,False
778208,126,CYP2D6,*145,PV01437,False,False
1103377,108,CYP2D6,*146,PV01717,False,False
1103379,108,CYP2D6,*147,PV01805,False,False
1609527,89,CYP2D6,*148,PV01745,False,False
2677011,48,CYP2D6,*150,PV02218,False,False
2677013,48,CYP2D6,*151,PV02194,False,False
2091236,70,CYP2D6,*152,PV02155,False,False
2091238,70,CYP2D6,*153,PV02157,False,False
2091244,70,CYP2D6,*156,PV01943,False,False
2091246,70,CYP2D6,*157,PV01947,False,False
2091250,70,CYP2D6,*159,PV01954,False,False
2091252,70,CYP2D6,*160,PV01958,False,False
2091256,70,CYP2D6,*162,PV01967,False,False
2091258,70,CYP2D6,*163,PV01969,False,False
2677039,48,CYP2D6,*164,PV02199,False,False
2677043,48,CYP2D6,*166,PV02203,False,False
2677047,48,CYP2D6,*168,PV02161,False,False
2677049,48,CYP2D6,*169,PV02163,False,False
2677051,48,CYP2D6,*170,PV02165,False,False
2677053,48,CYP2D6,*171,PV02189,False,False
778100,126,CYP2D6,*91,PV00508,False,False
778230,126,CYP3A5,*7,PV01329,False,False
778106,126,CYP2D6,*94,PV00511,False,False
778110,126,CYP2D6,*96,PV00513,False,False
778112,126,CYP2D6,*97,PV00514,False,False
778114,126,CYP2D6,*98,PV00515,False,False
778116,126,CYP2D6,*99,PV00516,False,False
778222,126,CYP3A5,*3,PV01325,False,False
778232,126,CYP3A5,*8,PV01330,False,False
778122,126,CYP2D6,*102,PV00519,False,False
778238,125,CYP4F2,*1,PV02212,True,False
3318589,25,CYP4F2,*10,PV02318,False,False
3318591,25,CYP4F2,*11,PV02320,False,False
3318593,25,CYP4F2,*12,PV02322,False,False
2784572,44,CYP4F2,*4,PV02221,False,False
3318599,25,CYP4F2,*15,PV02328,False,False
3318601,25,CYP4F2,*16,PV02312,False,True
778240,125,CYP4F2,*2,PV02213,False,False
2784574,44,CYP4F2,*5,PV02223,False,False
2784576,44,CYP4F2,*6,PV02225,False,False
778327,70,DPYD,Reference,,True,False
3318587,25,CYP4F2,*9,PV02316,False,False
778102,126,CYP2D6,*92,PV00509,False,False
778329,70,DPYD,c.46C>G,,False,False
778331,70,DPYD,c.61C>T,,False,False
778333,70,DPYD,c.62G>A,,False,False
778335,70,DPYD,c.85T>C (*9A),,False,False
778339,70,DPYD,c.313G>A,,False,False
778341,70,DPYD,c.343A>G,,False,False
778343,70,DPYD,c.451A>G,,False,False
778345,70,DPYD,c.496A>G,,False,False
778347,70,DPYD,c.498G>A,,False,False
778349,70,DPYD,c.525G>A,,False,False
778351,70,DPYD,c.557A>G,,False,False
778353,70,DPYD,c.601A>C,,False,False
778355,70,DPYD,c.632A>G,,False,False
778359,70,DPYD,c.775A>G,,False,False
778361,70,DPYD,c.868A>G,,False,False
778363,70,DPYD,c.929T>C,,False,False
778365,70,DPYD,c.934C>T,,False,False
778367,70,DPYD,c.967G>A,,False,False
778369,70,DPYD,c.1003G>T (*11),,False,False
778371,70,DPYD,c.1024G>A,,False,False
778373,70,DPYD,c.1057C>T,,False,False
778375,70,DPYD,c.1108A>G,,False,False
3942827,2,DPYD,c.1129-5923C>G,,False,False
778377,70,DPYD,"c.1129-5923C>G, c.1236G>A (HapB3)",,False,False
778379,70,DPYD,c.1156G>T (*12),,False,False
778381,70,DPYD,c.1180C>T,,False,False
778383,70,DPYD,c.1181G>T,,False,False
778385,70,DPYD,c.1218G>A,,False,False
778387,70,DPYD,c.1260T>A,,False,False
778389,70,DPYD,c.1278G>T,,False,False
778391,70,DPYD,c.1294G>A,,False,False
778393,70,DPYD,c.1314T>G,,False,False
778395,70,DPYD,c.1349C>T,,False,False
778397,70,DPYD,c.1358C>G,,False,False
778399,70,DPYD,c.1371C>T,,False,False
778401,70,DPYD,c.1403C>A,,False,False
778403,70,DPYD,c.1475C>T,,False,False
778405,70,DPYD,c.1484A>G,,False,False
778407,70,DPYD,c.1519G>A,,False,False
778409,70,DPYD,c.1543G>A,,False,False
778411,70,DPYD,c.1577C>G,,False,False
778413,70,DPYD,c.1601G>A (*4),,False,False
778415,70,DPYD,c.1615G>A,,False,False
778417,70,DPYD,c.1627A>G (*5),,False,False
778419,70,DPYD,c.1679T>G (*13),,False,False
778421,70,DPYD,c.1682G>T,,False,False
778423,70,DPYD,c.1774C>T,,False,False
778425,70,DPYD,c.1775G>A,,False,False
778427,70,DPYD,c.1777G>A,,False,False
778429,70,DPYD,c.1796T>C,,False,False
778431,70,DPYD,c.1896T>C,,False,False
778433,70,DPYD,c.1898delC (*3),,False,False
778437,70,DPYD,c.1905+1G>A (*2A),,False,False
778120,126,CYP2D6,*101,PV00518,False,False
778439,70,DPYD,c.1906A>C,,False,False
778441,70,DPYD,c.1990G>T,,False,False
778443,70,DPYD,c.2021G>A,,False,False
778445,70,DPYD,c.2161G>A,,False,False
778447,70,DPYD,c.2186C>T,,False,False
778449,70,DPYD,c.2194G>A (*6),,False,False
778451,70,DPYD,c.2195T>G,,False,False
778455,70,DPYD,c.2303C>A,,False,False
778457,70,DPYD,c.2336C>A,,False,False
778459,70,DPYD,c.2482G>A,,False,False
778461,70,DPYD,c.2582A>G,,False,False
778463,70,DPYD,c.2623A>C,,False,False
778465,70,DPYD,c.2639G>T,,False,False
778467,70,DPYD,c.2656C>T,,False,False
778469,70,DPYD,c.2657G>A (*9B),,False,False
778471,70,DPYD,c.2846A>T,,False,False
778473,70,DPYD,c.2872A>G,,False,False
778475,70,DPYD,c.2915A>G,,False,False
778477,70,DPYD,c.2921A>T,,False,False
778479,70,DPYD,c.2933A>G,,False,False
778481,70,DPYD,c.2978T>G,,False,False
778487,70,DPYD,c.3049G>A,,False,False
778489,70,DPYD,c.3061G>C,,False,False
778491,70,DPYD,c.3067C>A,,False,False
778666,71,G6PD,B (reference),,True,False
778748,70,G6PD,A- 680T_376G,,False,False
778750,70,G6PD,A- 968C_376G,,False,False
778916,70,G6PD,Aachen,,False,False
778962,70,G6PD,Abeno,,False,False
778950,70,G6PD,Alhambra,,False,False
778702,70,G6PD,Amazonia,,False,False
779006,70,G6PD,Amiens,,False,False
778700,70,G6PD,Amsterdam,,False,False
778956,70,G6PD,Anadia,,False,False
778746,70,G6PD,Ananindeua,,False,False
779036,70,G6PD,Arakawa,,False,False
778708,70,G6PD,Asahi,,False,False
778686,70,G6PD,Aures,,False,False
778836,70,G6PD,Aveiro,,False,False
778858,70,G6PD,Bajo Maumere,,False,False
778844,70,G6PD,Bangkok,,False,False
779008,70,G6PD,Bangkok Noi,,False,False
778738,70,G6PD,Bao Loc,,False,False
778952,70,G6PD,Bari,,False,False
778766,70,G6PD,Belem,,False,False
779034,70,G6PD,Buenos Aires,,False,False
778762,70,G6PD,Cairo,,False,False
778922,70,G6PD,Calvo Mackenna,,False,False
779032,70,G6PD,Campinas,,False,False
779012,70,G6PD,"Canton, Taiwan-Hakka, Gifu-like, Agrigento-like",,False,False
778994,70,G6PD,Cassano,,False,False
778894,70,G6PD,Chatham,,False,False
778794,70,G6PD,Chikugo,,False,False
778854,70,G6PD,Chinese-1,,False,False
778900,70,G6PD,Chinese-5,,False,False
778816,70,G6PD,Cincinnati,,False,False
778840,70,G6PD,Cleveland Corum,,False,False
778960,70,G6PD,Clinic,,False,False
778804,70,G6PD,Coimbra Shunde,,False,False
779010,70,G6PD,Cosenza,,False,False
778698,70,G6PD,Costanzo,,False,False
778958,70,G6PD,Covao do Lobo,,False,False
778740,70,G6PD,Crispim,,False,False
778810,70,G6PD,Dagua,,False,False
778830,70,G6PD,Durham,,False,False
778888,70,G6PD,Farroupilha,,False,False
779004,70,G6PD,Figuera da Foz,,False,False
779018,70,G6PD,Flores,,False,False
779030,70,G6PD,Fukaya,,False,False
778896,70,G6PD,Fushan,,False,False
778674,70,G6PD,Gaohe,,False,False
778978,70,G6PD,Georgia,,False,False
778680,70,G6PD,Gidra,,False,False
778936,70,G6PD,Guadalajara,,False,False
778726,70,G6PD,Guangzhou,,False,False
778852,70,G6PD,Haikou,,False,False
778734,70,G6PD,Hammersmith,,False,False
778818,70,G6PD,Harilaou,,False,False
778998,70,G6PD,Harima,,False,False
778940,70,G6PD,Hartford,,False,False
778710,70,G6PD,Hechi,,False,False
778996,70,G6PD,Hermoupolis,,False,False
778676,70,G6PD,Honiara,,False,False
778770,70,G6PD,Ilesha,,False,False
778890,70,G6PD,Insuli,,False,False
778934,70,G6PD,"Iowa, Walter Reed, Springfield",,False,False
778908,70,G6PD,Iwatsuki,,False,False
778970,70,G6PD,"Japan, Shinagawa",,False,False
779022,70,G6PD,"Kaiping, Anant, Dhon, Sapporo-like, Wosera",,False,False
778880,70,G6PD,"Kalyan-Kerala, Jamnaga, Rohini",,False,False
778688,70,G6PD,Kambos,,False,False
779016,70,G6PD,"Kamiube, Keelung",,False,False
778692,70,G6PD,Kamogawa,,False,False
778972,70,G6PD,Kawasaki,,False,False
778690,70,G6PD,Kozukata,,False,False
778944,70,G6PD,Krakow,,False,False
778848,70,G6PD,La Jolla,,False,False
778672,70,G6PD,Lages,,False,False
779026,70,G6PD,Laibin,,False,False
778842,70,G6PD,Lille,,False,False
778768,70,G6PD,Liuzhou,,False,False
778914,70,G6PD,Loma Linda,,False,False
778878,70,G6PD,Ludhiana,,False,False
778930,70,G6PD,Lynwood,,False,False
778932,70,G6PD,Madrid,,False,False
778776,70,G6PD,Mahidol,,False,False
778796,70,G6PD,Malaga,,False,False
778884,70,G6PD,Manhattan,,False,False
778984,70,G6PD,Mediterranean Haplotype,,False,False
778696,70,G6PD,Metaponto,,False,False
778822,70,G6PD,Mexico City,,False,False
778790,70,G6PD,Miaoli,,False,False
778814,70,G6PD,"Minnesota, Marion, Gastonia, LeJeune",,False,False
778902,70,G6PD,Mira d'Aire,,False,False
778860,70,G6PD,Mizushima,,False,False
778868,70,G6PD,Montalbano,,False,False
778920,70,G6PD,Montpellier,,False,False
778754,70,G6PD,Mt Sinai,,False,False
778974,70,G6PD,Munich,,False,False
778718,70,G6PD,Murcia Oristano,,False,False
778704,70,G6PD,Musashino,,False,False
778716,70,G6PD,Namouru,,False,False
778788,70,G6PD,Nankang,,False,False
778828,70,G6PD,Nanning,,False,False
778784,70,G6PD,Naone,,False,False
778882,70,G6PD,Nara,,False,False
778948,70,G6PD,"Nashville, Anaheim, Portici",,False,False
779024,70,G6PD,Neapolis,,False,False
779014,70,G6PD,Nice,,False,False
778808,70,G6PD,Nilgiri,,False,False
778668,70,G6PD,No name,,False,False
778824,70,G6PD,North Dallas,,False,False
779082,125,NUDT15,*10,PV01606,False,False
779084,125,NUDT15,*11,PV01607,False,False
779088,125,NUDT15,*13,PV01609,False,False
779092,125,NUDT15,*15,PV01611,False,False
779094,125,NUDT15,*16,PV01612,False,False
779098,125,NUDT15,*18,PV01614,False,False
779100,125,NUDT15,*19,PV01615,False,False
779066,125,NUDT15,*2,PV01598,False,False
779102,125,NUDT15,*20,PV01616,False,False
779072,125,NUDT15,*5,PV01601,False,False
779074,125,NUDT15,*6,PV01602,False,False
779076,125,NUDT15,*7,PV01603,False,False
779080,125,NUDT15,*9,PV01605,False,False
779148,70,RYR1,Reference,,True,False
778926,70,G6PD,Olomouc,,False,False
778876,70,G6PD,Omiya,,False,False
778684,70,G6PD,Orissa,,False,False
778866,70,G6PD,Osaka,,False,False
778694,70,G6PD,Palestrina,,False,False
778862,70,G6PD,Papua,,False,False
778904,70,G6PD,Partenope,,False,False
778986,70,G6PD,Pawnee,,False,False
778864,70,G6PD,Piotrkow,,False,False
778778,70,G6PD,Plymouth,,False,False
778942,70,G6PD,Praha,,False,False
778954,70,G6PD,Puerto Limon,,False,False
778760,70,G6PD,Quing Yan,,False,False
778820,70,G6PD,Radlowo,,False,False
778886,70,G6PD,Rehevot,,False,False
778682,70,G6PD,Rignano,,False,False
778924,70,G6PD,Riley,,False,False
778968,70,G6PD,Riverside,,False,False
778838,70,G6PD,Roubaix,,False,False
778992,70,G6PD,S. Antioco,,False,False
778758,70,G6PD,Salerno Pyrgos,,False,False
778806,70,G6PD,Santiago,,False,False
778990,70,G6PD,"Santiago de Cuba, Morioka",,False,False
778736,70,G6PD,Sao Borja,,False,False
778856,70,G6PD,"Seattle, Lodi, Modena, Ferrara II, Athens-like",,False,False
778874,70,G6PD,Seoul,,False,False
778910,70,G6PD,Serres,,False,False
778772,70,G6PD,Shenzen,,False,False
778792,70,G6PD,Shinshu,,False,False
778812,70,G6PD,Sibari,,False,False
778730,70,G6PD,Sierra Leone,,False,False
778670,70,G6PD,Sinnai,,False,False
778706,70,G6PD,Songklanagarind,,False,False
779028,70,G6PD,Split,,False,False
778832,70,G6PD,Stonybrook,,False,False
778846,70,G6PD,Sugao,,False,False
778982,70,G6PD,Sumare,,False,False
778980,70,G6PD,Surabaya,,False,False
778966,70,G6PD,Suwalki,,False,False
778720,70,G6PD,Swansea,,False,False
778780,72,G6PD,"Taipei, Chinese-3",,False,False
3564276,11,G6PD,"Telti, Kobe",,False,False
778918,70,G6PD,Tenri,,False,False
778976,70,G6PD,"Tokyo, Fukushima",,False,False
778782,70,G6PD,Toledo,,False,False
778928,70,G6PD,Tomah,,False,False
778912,70,G6PD,Tondela,,False,False
778898,70,G6PD,Torun,,False,False
778798,70,G6PD,Tsukui,,False,False
779000,70,G6PD,"Union,Maewo, Chinese-2, Kalo",,False,False
778728,70,G6PD,Urayasu,,False,False
778964,70,G6PD,Utrecht,,False,False
778764,70,G6PD,Valladolid,,False,False
778732,70,G6PD,Vancouver,,False,False
778756,70,G6PD,Vanua Lava,,False,False
778870,70,G6PD,"Viangchan, Jammu",,False,False
778892,70,G6PD,Villeurbanne,,False,False
778786,70,G6PD,Volendam,,False,False
778834,70,G6PD,Wayne,,False,False
778872,70,G6PD,West Virginia,,False,False
778850,70,G6PD,Wexham,,False,False
778946,70,G6PD,Wisconsin,,False,False
779020,70,G6PD,Yunan,,False,False
779043,70,IFNL3,rs12979860 variant (T),,False,False
828095,69,MT-RNR1,Reference,,True,False
3827872,3,MT-RNR1,m.663A>G,,False,False
3827874,3,MT-RNR1,m.669T>C,,False,False
3827876,3,MT-RNR1,m.747A>G,,False,False
3827878,3,MT-RNR1,m.786G>A,,False,False
3827880,3,MT-RNR1,m.807A>C,,False,False
3827882,3,MT-RNR1,m.807A>G,,False,False
3827884,3,MT-RNR1,m.827A>G,,False,False
3827886,3,MT-RNR1,m.839A>G,,False,False
3827888,3,MT-RNR1,m.896A>G,,False,False
3827890,3,MT-RNR1,m.930A>G,,False,False
3827892,3,MT-RNR1,m.951G>A,,False,False
3827894,3,MT-RNR1,m.960C>del,,False,False
3827896,3,MT-RNR1,m.961T>G,,False,False
3827898,3,MT-RNR1,m.961T>del,,False,False
3827900,3,MT-RNR1,m.961T>del+Cn,,False,False
3827902,3,MT-RNR1,m.988G>A,,False,False
3827906,3,MT-RNR1,m.1189T>C,,False,False
3827908,3,MT-RNR1,m.1243T>C,,False,False
3827910,3,MT-RNR1,m.1494C>T,,False,False
3827912,3,MT-RNR1,m.1520T>C,,False,False
3827914,3,MT-RNR1,m.1537C>T,,False,False
3827916,3,MT-RNR1,m.1555A>G,,False,False
3827918,3,MT-RNR1,m.1556C>T,,False,False
3685308,9,RYR1,c.38T>G,,False,False
3685310,9,RYR1,c.51_53del,,False,False
3685312,9,RYR1,c.97A>G,,False,False
779150,70,RYR1,c.103T>C,,False,False
3685316,9,RYR1,c.119G>C,,False,False
779152,70,RYR1,c.130C>T,,False,False
3685320,9,RYR1,c.131G>A,,False,False
3685322,9,RYR1,c.152C>A,,False,False
3685324,9,RYR1,c.178G>A,,False,False
3685326,9,RYR1,c.178G>T,,False,False
3685328,9,RYR1,c.190T>C,,False,False
3685330,9,RYR1,c.212C>A,,False,False
3685332,9,RYR1,c.251C>T,,False,False
3685334,9,RYR1,c.418G>A,,False,False
3685336,9,RYR1,c.455C>A,,False,False
3685338,9,RYR1,c.463C>A,,False,False
3685340,9,RYR1,c.467G>A,,False,False
3685342,9,RYR1,c.479A>G,,False,False
779154,70,RYR1,c.487C>T,,False,False
779156,70,RYR1,c.488G>T,,False,False
3685348,9,RYR1,c.488G>A,,False,False
3685350,9,RYR1,c.493G>A,,False,False
3685352,9,RYR1,c.496G>A,,False,False
3685354,9,RYR1,c.497A>G,,False,False
3685356,9,RYR1,c.526G>A,,False,False
3685358,9,RYR1,c.528G>T,,False,False
3685360,9,RYR1,c.529C>T,,False,False
3685362,9,RYR1,c.533A>G,,False,False
3685364,9,RYR1,c.533A>C,,False,False
3685368,9,RYR1,c.641C>T,,False,False
3685370,9,RYR1,c.652G>A,,False,False
3685372,9,RYR1,c.677T>A,,False,False
3685374,9,RYR1,c.680A>T,,False,False
779158,70,RYR1,c.742G>C,,False,False
3685380,9,RYR1,c.946C>T,,False,False
3685382,9,RYR1,c.947G>T,,False,False
779162,70,RYR1,c.982C>T,,False,False
3685386,9,RYR1,c.992_994dup,,False,False
779164,70,RYR1,c.1021G>A,,False,False
779166,70,RYR1,c.1021G>C,,False,False
3685392,9,RYR1,c.1024G>A,,False,False
3685394,9,RYR1,c.1100G>A,,False,False
3685396,9,RYR1,c.1100G>T,,False,False
779168,70,RYR1,c.1201C>T,,False,False
3685402,9,RYR1,c.1201C>A,,False,False
3685404,9,RYR1,c.1201C>G,,False,False
3685406,9,RYR1,c.1202G>T,,False,False
3685408,9,RYR1,c.1202G>A,,False,False
779170,70,RYR1,c.1209C>G,,False,False
3685412,9,RYR1,c.1411C>T,,False,False
3685414,9,RYR1,c.1422G>T,,False,False
3685416,9,RYR1,c.1453A>G,,False,False
3685418,9,RYR1,c.1459C>G,,False,False
3685420,9,RYR1,c.1460T>C,,False,False
3685422,9,RYR1,c.1475G>A,,False,False
3685424,9,RYR1,c.1553T>C,,False,False
779172,70,RYR1,c.1565A>C,,False,False
779174,70,RYR1,c.1589G>A,,False,False
779176,70,RYR1,c.1597C>T,,False,False
3685434,9,RYR1,c.1597C>A,,False,False
779178,70,RYR1,c.1598G>A,,False,False
3685438,9,RYR1,c.1615T>C,,False,False
3685440,9,RYR1,c.1615T>G,,False,False
3685442,9,RYR1,c.1630G>T,,False,False
779180,70,RYR1,c.1654C>T,,False,False
3685446,9,RYR1,c.1834G>C,,False,False
779182,70,RYR1,c.1840C>T,,False,False
779184,70,RYR1,c.1841G>T,,False,False
3685452,9,RYR1,c.2050G>C,,False,False
3685454,9,RYR1,c.2122G>A,,False,False
3685456,9,RYR1,c.2447C>T,,False,False
3685460,9,RYR1,c.2654G>A,,False,False
3685462,9,RYR1,c.2797G>A,,False,False
3685464,9,RYR1,c.2924G>A,,False,False
3685466,9,RYR1,c.2996G>A,,False,False
3685468,9,RYR1,c.3095G>A,,False,False
3685470,9,RYR1,c.3127C>T,,False,False
3685472,9,RYR1,c.3166G>C,,False,False
3685474,9,RYR1,c.3166G>A,,False,False
3685476,9,RYR1,c.3172G>A,,False,False
3685478,9,RYR1,c.3224G>A,,False,False
3685480,9,RYR1,c.3418C>T,,False,False
3685482,9,RYR1,c.3527C>T,,False,False
3685484,9,RYR1,c.3656A>C,,False,False
3685486,9,RYR1,c.3667G>A,,False,False
3685490,9,RYR1,c.4178A>G,,False,False
3685492,9,RYR1,c.4400A>G,,False,False
3685494,9,RYR1,c.4711A>G,,False,False
3685496,9,RYR1,c.4747C>T,,False,False
3685498,9,RYR1,c.4763C>T,,False,False
3685500,9,RYR1,c.4775C>T,,False,False
3685502,9,RYR1,c.5024T>C,,False,False
3685504,9,RYR1,c.5033A>G,,False,False
3685506,9,RYR1,c.5036G>A,,False,False
3685508,9,RYR1,c.5132A>G,,False,False
3685510,9,RYR1,c.5183C>T,,False,False
3685512,9,RYR1,c.5186T>G,,False,False
3685514,9,RYR1,c.5317C>T,,False,False
3685518,9,RYR1,c.5360C>T,,False,False
3685522,9,RYR1,c.5441T>A,,False,False
3685524,9,RYR1,c.5890C>T,,False,False
3685526,9,RYR1,c.6037A>C,,False,False
3685528,9,RYR1,c.6178G>T,,False,False
3685530,9,RYR1,c.6302T>A,,False,False
3685532,9,RYR1,c.6304G>C,,False,False
3685534,9,RYR1,c.6349G>C,,False,False
3685536,9,RYR1,c.6377G>A,,False,False
3685538,9,RYR1,c.6387C>G,,False,False
3685540,9,RYR1,c.6388G>A,,False,False
3685542,9,RYR1,c.6478G>A,,False,False
779186,70,RYR1,c.6487C>T,,False,False
779188,70,RYR1,c.6488G>A,,False,False
3685548,9,RYR1,c.6488G>C,,False,False
779190,70,RYR1,c.6502G>A,,False,False
3685554,9,RYR1,c.6544A>T,,False,False
3685556,9,RYR1,c.6548G>A,,False,False
3685558,9,RYR1,c.6599C>T,,False,False
3685560,9,RYR1,c.6612C>G,,False,False
779192,70,RYR1,c.6617C>G,,False,False
779194,70,RYR1,c.6617C>T,,False,False
3685566,9,RYR1,c.6628G>T,,False,False
3685568,9,RYR1,c.6635T>A,,False,False
3685570,9,RYR1,c.6640G>A,,False,False
3685572,9,RYR1,c.6671G>A,,False,False
3685574,9,RYR1,c.6670C>T,,False,False
3685576,9,RYR1,c.6710G>A,,False,False
3685578,9,RYR1,c.6742C>T,,False,False
3685582,9,RYR1,c.6757C>T,,False,False
3685584,9,RYR1,c.6838G>A,,False,False
3685586,9,RYR1,c.6847A>C,,False,False
3685588,9,RYR1,c.6961A>G,,False,False
779196,70,RYR1,c.7007G>A,,False,False
3685592,9,RYR1,c.7018T>C,,False,False
3685594,9,RYR1,c.7025A>G,,False,False
3685596,9,RYR1,c.7032G>C,,False,False
3685598,9,RYR1,c.7035C>A,,False,False
3685600,9,RYR1,c.7036G>A,,False,False
779198,70,RYR1,c.7042_7044delGAG,,False,False
3685604,9,RYR1,c.7043A>G,,False,False
779200,70,RYR1,c.7048G>A,,False,False
3685608,9,RYR1,c.7060G>A,,False,False
3685612,9,RYR1,c.7073T>A,,False,False
3685614,9,RYR1,c.7076G>A,,False,False
3685616,9,RYR1,c.7075C>T,,False,False
3685618,9,RYR1,c.7084G>A,,False,False
3685620,9,RYR1,c.7085A>G,,False,False
3685622,9,RYR1,c.7089C>G,,False,False
3685624,9,RYR1,c.7090T>G,,False,False
3685626,9,RYR1,c.7097C>G,,False,False
3685628,9,RYR1,c.7099G>A,,False,False
3685630,9,RYR1,c.7112A>G,,False,False
3685632,9,RYR1,c.7123G>A,,False,False
779204,70,RYR1,c.7124G>C,,False,False
3685636,9,RYR1,c.7199A>G,,False,False
3685638,9,RYR1,c.7210G>A,,False,False
3685642,9,RYR1,c.7291G>A,,False,False
3685644,9,RYR1,c.7291G>T,,False,False
779208,70,RYR1,c.7300G>A,,False,False
779210,70,RYR1,c.7304G>A,,False,False
3685652,9,RYR1,c.7304G>T,,False,False
3685654,9,RYR1,c.7307G>A,,False,False
3685656,9,RYR1,c.7310C>T,,False,False
3685658,9,RYR1,c.7317G>C,,False,False
779212,70,RYR1,c.7354C>T,,False,False
3685662,9,RYR1,c.7355G>A,,False,False
3685664,9,RYR1,c.7355G>C,,False,False
3685666,9,RYR1,c.7358T>C,,False,False
779214,70,RYR1,c.7360C>T,,False,False
779216,70,RYR1,c.7361G>A,,False,False
779218,70,RYR1,c.7372C>T,,False,False
3685676,9,RYR1,c.7373G>T,,False,False
3685678,9,RYR1,c.7385C>T,,False,False
3685680,9,RYR1,c.7487C>T,,False,False
779222,70,RYR1,c.7522C>T,,False,False
779224,70,RYR1,c.7522C>G,,False,False
779226,70,RYR1,c.7523G>A,,False,False
3685688,9,RYR1,c.7528T>C,,False,False
3685690,9,RYR1,c.7760A>G,,False,False
3685692,9,RYR1,c.7771C>G,,False,False
3685694,9,RYR1,c.7771C>T,,False,False
3685696,9,RYR1,c.7777C>G,,False,False
3685698,9,RYR1,c.7778G>A,,False,False
3685700,9,RYR1,c.7787C>T,,False,False
3685702,9,RYR1,c.7816T>A,,False,False
3685706,9,RYR1,c.7879G>A,,False,False
3685708,9,RYR1,c.8005G>A,,False,False
3685710,9,RYR1,c.8026C>T,,False,False
3685712,9,RYR1,c.8054C>T,,False,False
3685714,9,RYR1,c.8188G>C,,False,False
3685716,9,RYR1,c.8189A>G,,False,False
3685718,9,RYR1,c.8198G>A,,False,False
3685720,9,RYR1,c.8290G>A,,False,False
3685722,9,RYR1,c.8327C>T,,False,False
3685724,9,RYR1,c.8360C>G,,False,False
3685726,9,RYR1,c.8518C>T,,False,False
3685728,9,RYR1,c.8527T>C,,False,False
3685730,9,RYR1,c.8600T>A,,False,False
3685732,9,RYR1,c.8638G>A,,False,False
3685736,9,RYR1,c.8729C>T,,False,False
3685738,9,RYR1,c.8926C>T,,False,False
3685740,9,RYR1,c.9152G>A,,False,False
3685742,9,RYR1,c.9268G>A,,False,False
779228,70,RYR1,c.9310G>A,,False,False
3685746,9,RYR1,c.9356G>A,,False,False
3685748,9,RYR1,c.9499C>T,,False,False
3685750,9,RYR1,c.9635A>G,,False,False
3685752,9,RYR1,c.9649T>C,,False,False
3685754,9,RYR1,c.9652G>A,,False,False
3685756,9,RYR1,c.9676G>C,,False,False
3685758,9,RYR1,c.9758T>C,,False,False
3685760,9,RYR1,c.9797T>C,,False,False
3685762,9,RYR1,c.9848G>A,,False,False
3685766,9,RYR1,c.9868G>A,,False,False
3685768,9,RYR1,c.10042C>T,,False,False
3685770,9,RYR1,c.10043G>A,,False,False
3685772,9,RYR1,c.10097G>A,,False,False
3685774,9,RYR1,c.10100A>G,,False,False
3685776,9,RYR1,c.10229C>A,,False,False
3685778,9,RYR1,c.10237A>T,,False,False
3685780,9,RYR1,c.10252A>G,,False,False
3685782,9,RYR1,c.10556C>T,,False,False
3685784,9,RYR1,c.10616G>A,,False,False
3685786,9,RYR1,c.10747G>C,,False,False
3685788,9,RYR1,c.10750G>C,,False,False
3685790,9,RYR1,c.10891G>T,,False,False
3685792,9,RYR1,c.11086G>C,,False,False
3685796,9,RYR1,c.11126C>T,,False,False
3685798,9,RYR1,c.11132C>T,,False,False
3685800,9,RYR1,c.11266C>G,,False,False
3685802,9,RYR1,c.11315G>A,,False,False
3685804,9,RYR1,c.11314C>T,,False,False
3685806,9,RYR1,c.11416G>A,,False,False
3685808,9,RYR1,c.11518G>A,,False,False
3685810,9,RYR1,c.11708G>A,,False,False
3685812,9,RYR1,c.11723A>T,,False,False
3685814,9,RYR1,c.11748T>G,,False,False
3685816,9,RYR1,c.11798A>G,,False,False
3685818,9,RYR1,c.11813G>A,,False,False
3685820,9,RYR1,c.11947C>T,,False,False
3685822,9,RYR1,c.11953T>C,,False,False
779230,70,RYR1,c.11969G>T,,False,False
3685828,9,RYR1,c.12028G>A,,False,False
3685830,9,RYR1,c.12064A>G,,False,False
3685832,9,RYR1,c.12115A>T,,False,False
3685834,9,RYR1,c.12121C>T,,False,False
3685836,9,RYR1,c.12149C>A,,False,False
3685838,9,RYR1,c.12242C>T,,False,False
3685840,9,RYR1,c.12310G>C,,False,False
3685842,9,RYR1,c.12355A>T,,False,False
3685844,9,RYR1,c.12383C>T,,False,False
3685846,9,RYR1,c.12398A>G,,False,False
3685848,9,RYR1,c.12406C>A,,False,False
3685850,9,RYR1,c.12413T>C,,False,False
3685852,9,RYR1,c.12532G>A,,False,False
3685856,9,RYR1,c.12553G>A,,False,False
3685858,9,RYR1,c.12689T>G,,False,False
3685860,9,RYR1,c.12700G>C,,False,False
3685862,9,RYR1,c.12700G>T,,False,False
3685864,9,RYR1,c.12848A>T,,False,False
3685866,9,RYR1,c.12881C>T,,False,False
3685868,9,RYR1,c.12884C>T,,False,False
3685870,9,RYR1,c.13505A>G,,False,False
3685872,9,RYR1,c.13513G>C,,False,False
3685874,9,RYR1,c.13673G>A,,False,False
3685876,9,RYR1,c.13672C>T,,False,False
3685878,9,RYR1,c.13702C>G,,False,False
3685880,9,RYR1,c.13760C>T,,False,False
3685882,9,RYR1,c.13913G>A,,False,False
3685886,9,RYR1,c.13934G>A,,False,False
3685888,9,RYR1,c.13990T>C,,False,False
3685890,9,RYR1,c.13994_13995delTCinsCT,,False,False
3685892,9,RYR1,c.14002C>T,,False,False
3685894,9,RYR1,c.14051T>C,,False,False
3685896,9,RYR1,c.14126C>T,,False,False
3685898,9,RYR1,c.14168G>A,,False,False
3685900,9,RYR1,c.14186A>C,,False,False
3685902,9,RYR1,c.14197T>G,,False,False
3685904,9,RYR1,c.14201G>A,,False,False
3685906,9,RYR1,c.14209C>T,,False,False
3685908,9,RYR1,c.14210G>A,,False,False
3685910,9,RYR1,c.14270G>A,,False,False
779232,70,RYR1,c.14387A>G,,False,False
779315,119,SLCO1B1,*20,PV01635,False,False
779299,119,SLCO1B1,*12,PV01629,False,False
779301,119,SLCO1B1,*13,PV01630,False,False
779303,119,SLCO1B1,*14,PV01631,False,False
779305,119,SLCO1B1,*15,PV01632,False,False
779307,119,SLCO1B1,*16,PV01633,False,False
779313,119,SLCO1B1,*19,PV01634,False,False
779279,119,SLCO1B1,*2,PV01619,False,False
779321,119,SLCO1B1,*23,PV01636,False,False
779335,119,SLCO1B1,*30,PV01643,False,False
779323,119,SLCO1B1,*24,PV01637,False,False
779325,119,SLCO1B1,*25,PV01638,False,False
779327,119,SLCO1B1,*26,PV01639,False,False
779329,119,SLCO1B1,*27,PV01640,False,False
779331,119,SLCO1B1,*28,PV01641,False,False
779333,119,SLCO1B1,*29,PV01642,False,False
779281,119,SLCO1B1,*3,PV01620,False,False
779339,119,SLCO1B1,*32,PV01645,False,False
1002691,110,SLCO1B1,*40,PV01652,False,False
779341,119,SLCO1B1,*33,PV01646,False,False
779343,119,SLCO1B1,*34,PV01647,False,False
779347,119,SLCO1B1,*36,PV01648,False,False
1002685,110,SLCO1B1,*37,PV01649,False,False
1002687,110,SLCO1B1,*38,PV01650,False,False
779283,119,SLCO1B1,*4,PV01621,False,False
1002693,110,SLCO1B1,*41,PV01653,False,False
1002695,110,SLCO1B1,*42,PV01654,False,False
1002697,110,SLCO1B1,*43,PV01655,False,False
779287,119,SLCO1B1,*6,PV01623,False,False
1002699,110,SLCO1B1,*44,PV01656,False,False
1002703,110,SLCO1B1,*46,PV01658,False,False
1002705,110,SLCO1B1,*47,PV01659,False,False
1357091,98,SLCO1B1,*48,PV01732,False,True
1357093,98,SLCO1B1,*49,PV01734,False,True
779285,119,SLCO1B1,*5,PV01622,False,False
779291,119,SLCO1B1,*8,PV01625,False,False
779293,119,SLCO1B1,*9,PV01626,False,False
779392,70,TPMT,*1,,True,False
779297,119,SLCO1B1,*11,PV01628,False,False
3685916,9,RYR1,c.14424C>A,,False,False
3685918,9,RYR1,c.14449A>T,,False,False
3685920,9,RYR1,c.14458G>A,,False,False
3685922,9,RYR1,c.14458G>T,,False,False
3685924,9,RYR1,c.14471T>C,,False,False
779234,70,RYR1,c.14477C>T,,False,False
779236,70,RYR1,c.14497C>T,,False,False
3685930,9,RYR1,c.14510delA,,False,False
3685932,9,RYR1,c.14509C>G,,False,False
779238,70,RYR1,c.14512C>G,,False,False
3685936,9,RYR1,c.14524G>A,,False,False
3685938,9,RYR1,c.14539G>C,,False,False
779240,70,RYR1,c.14545G>A,,False,False
3685942,9,RYR1,c.14558C>T,,False,False
3685944,9,RYR1,c.14567C>G,,False,False
779242,70,RYR1,c.14582G>A,,False,False
3685948,9,RYR1,c.14581C>T,,False,False
3685950,9,RYR1,c.14627A>G,,False,False
3685952,9,RYR1,c.14639T>C,,False,False
3685954,9,RYR1,c.14678G>A,,False,False
3685956,9,RYR1,c.14680G>A,,False,False
779244,70,RYR1,c.14693T>C,,False,False
3685960,9,RYR1,c.14782A>G,,False,False
3685962,9,RYR1,c.14803G>A,,False,False
3685964,9,RYR1,c.14813T>C,,False,False
3685966,9,RYR1,c.14814C>G,,False,False
3685968,9,RYR1,c.14817C>A,,False,False
3685970,9,RYR1,c.14818G>A,,False,False
3685972,9,RYR1,c.14825G>T,,False,False
3685974,9,RYR1,c.14879T>A,,False,False
3685976,9,RYR1,c.14918C>T,,False,False
3685978,9,RYR1,c.14968A>G,,False,False
3685980,9,RYR1,c.15059G>C,,False,False
3685982,9,RYR1,c.15060G>C,,False,False
3685984,9,RYR1,c.14364+1G>T,,False,False
779295,119,SLCO1B1,*10,PV01627,False,False
779394,70,TPMT,*2,,False,False
779396,70,TPMT,*3A,,False,False
779398,70,TPMT,*3B,,False,False
779400,70,TPMT,*3C,,False,False
779402,70,TPMT,*4,,False,False
779404,70,TPMT,*5,,False,False
779406,70,TPMT,*6,,False,False
779408,70,TPMT,*7,,False,False
779410,70,TPMT,*8,,False,False
779412,70,TPMT,*9,,False,False
779414,70,TPMT,*10,,False,False
779416,70,TPMT,*11,,False,False
779418,70,TPMT,*12,,False,False
779420,70,TPMT,*13,,False,False
779422,70,TPMT,*14,,False,False
779424,70,TPMT,*15,,False,False
779426,70,TPMT,*16,,False,False
779428,70,TPMT,*17,,False,False
779430,70,TPMT,*18,,False,False
779432,70,TPMT,*19,,False,False
779434,70,TPMT,*20,,False,False
779436,70,TPMT,*21,,False,False
779438,70,TPMT,*22,,False,False
779440,70,TPMT,*23,,False,False
779442,70,TPMT,*24,,False,False
779444,70,TPMT,*25,,False,False
779446,70,TPMT,*26,,False,False
779448,70,TPMT,*27,,False,False
779450,70,TPMT,*28,,False,False
779452,70,TPMT,*29,,False,False
779454,70,TPMT,*30,,False,False
779456,70,TPMT,*31,,False,False
779458,70,TPMT,*32,,False,False
779460,70,TPMT,*33,,False,False
779462,70,TPMT,*34,,False,False
779464,70,TPMT,*35,,False,False
779466,70,TPMT,*36,,False,False
779468,70,TPMT,*37,,False,False
779470,70,TPMT,*38,,False,False
779472,70,TPMT,*39,,False,False
779474,70,TPMT,*40,,False,False
779476,70,TPMT,*41,,False,False
779478,70,TPMT,*42,,False,False
779480,70,TPMT,*43,,False,False
779482,70,TPMT,*44,,False,False
779488,70,UGT1A1,*1,,True,False
779490,70,UGT1A1,*6,,False,False
779492,70,UGT1A1,*27,,False,False
779494,70,UGT1A1,*28,,False,False
779496,70,UGT1A1,*36,,False,False
779498,70,UGT1A1,*37,,False,False
779500,70,UGT1A1,*80,,False,False
779502,70,UGT1A1,*80+*28,,False,False
779504,70,UGT1A1,*80+*37,,False,False
779507,70,VKORC1,rs9923231 reference (C),,True,False
779509,70,VKORC1,rs9923231 variant (T),,False,False
1002623,110,SLCO1B1,*1,PV01618,True,False
