id,genesymbol,result,activityscore,ehrpriority,consultationtext,version,frequency
4067059,CYP2D6,Ultrarapid Metabolizer,≥6.0,Abnormal/Priority/High Risk,"This result signifies that this patient has [X copies of a normal function allele (*_xN)] [X copies of a decreased function allele (*_)] [X copies of a no function allele (*_)]. Based on the genotype result this patient is predicted to be an ultrarapid metabolizer of CYP2D6 substrates. This patient may be at risk for an adverse or poor response to medications that are metabolized by CYP2D6. To avoid an untoward drug response, dose adjustments may be necessary for medications metabolized by CYP2D6. Please consult a clinical pharmacist for more information about how CYP2D6 metabolic status influences drug selection and dosing.",3,"{'Latino': 1.0000001e-06, 'American': 1.0000001e-06, 'European': 2.8470035e-06, 'Oceanian': 0.0, 'East Asian': 1.0000001e-06, 'Near Eastern': 0.0, 'Central/South Asian': 0.0, 'Sub-Saharan African': 2.5000001e-05, 'African American/Afro-Caribbean': 0.0}"
4067078,CYP2D6,Ultrarapid Metabolizer,≥4.0,Abnormal/Priority/High Risk,"This result signifies that this patient has [X copies of a normal function allele (*_xN)] [X copies of a decreased function allele (*_)] [X copies of a no function allele (*_)]. Based on the genotype result this patient is predicted to be an ultrarapid metabolizer of CYP2D6 substrates. This patient may be at risk for an adverse or poor response to medications that are metabolized by CYP2D6. To avoid an untoward drug response, dose adjustments may be necessary for medications metabolized by CYP2D6. Please consult a clinical pharmacist for more information about how CYP2D6 metabolic status influences drug selection and dosing.",3,"{'Latino': 0.0012809848, 'American': 0.0014796141, 'European': 0.0018874556, 'Oceanian': 0.0, 'East Asian': 0.00078645675, 'Near Eastern': 0.0, 'Central/South Asian': 0.0, 'Sub-Saharan African': 0.002350715, 'African American/Afro-Caribbean': 0.0}"
4163330,HLA-A,*31:01 negative,n/a,Routine/Low-Risk,"The HLA-A*31:01 allele, which is associated with severe cutaneous adverse reactions among patients taking certain aromatic anticonvulsants, was not detected in this patient. No change in therapy is warranted based on these results. It should be noted that a negative HLA-A*31:01 result does not absolutely rule out the possibility of an adverse drug reaction. Please consult a clinical pharmacist for more information.",1,
4163333,HLA-A,*31:01 positive,n/a,Priority/High-Risk,"This result signifies that the patient has one or two copies of HLA-A*31:01. Patients with this genotype are at increased risk of severe cutaneous adverse reactions, including Stevens-Johnson syndrome/toxic epidermal necrolysis (SJS/TEN), drug reaction with eosinophilia and systemic symptoms (DRESS), and maculopapular exanthema (MPE), with certain aromatic anticonvulsants (e.g., carbamazepine). Alternative therapy may be warranted. Please consult a clinical pharmacist for more information.",1,
4163336,HLA-B,*15:02 negative,n/a,Routine/Low-Risk,"The HLA-B*15:02 allele, which is associated with severe cutaneous adverse reactions among patients taking certain aromatic anticonvulsants, was not detected in this patient. No change in therapy is warranted based on these results. It should be noted that a negative HLA-B*15:02 result does not absolutely rule out the possibility of an adverse drug reaction. Please consult a clinical pharmacist for more information.",1,
4163339,HLA-B,*15:02 positive,n/a,Priority/High-Risk,"This result signifies that the patient has one or two copies of HLA-B*15:02. Patients with this genotype are at increased risk of severe cutaneous adverse reactions, including Stevens-Johnson syndrome/toxic epidermal necrolysis (SJS/TEN), with certain aromatic anticonvulsants (e.g., carbamazepine, oxcarbazepine, phenytoin/fosphenytoin). Alternative therapy may be warranted. Please consult a clinical pharmacist for more information.",1,
4163342,HLA-B,*57:01 negative,n/a,Normal/Routine/Low Risk,"The HLA-B*57:01 allele, associated with abacavir hypersensitivity, was not detected in this patient. The patient may be prescribed abacavir. Please refer to the hospital formulary guidelines for specific dosing information. It should be noted that a negative HLA-B*57:01 result does not absolutely rule out the possibility of some form of abacavir hypersensitivity. Administration of abacavir therapy requires close observation including immediate discontinuation of therapy should any signs or symptoms of hypersensitivity develop.",1,
4163345,HLA-B,*57:01 positive,n/a,Abnormal/Priority/High Risk,"The HLA-B*57:01 allele, associated with abacavir hypersensitivity, was detected in this patient. HLA-B*5701 positive patients should NOT be prescribed abacavir.",1,
4163348,HLA-B,*58:01 negative,n/a,Normal/Routine/Low Risk,"The HLA-B*58:01 allele, associated with allopurinol hypersensitivity, was not detected in this patient. Allopurinol can be used per standard dosing guidelines. Patients should be monitored closely for any signs of sensitivity reactions, especially those patients receiving allopurinol (of >300 mg/day), concomitant medications (i.e. thiazide diuretics or penicillin/cephalosporin) or with medical conditions (i.e. chronic kidney disease) that increase the non-genetic risk for allopurinol-related hypersensitivity reactions.",1,
4163351,HLA-B,*58:01 positive,n/a,Abnormal/Priority/High Risk,"The HLA-B*58:01 allele, associated with allopurinol hypersensitivity, was detected in this patient. Allopurinol is contraindicated.",1,
4103235,MT-RNR1,increased risk of aminoglycoside-induced hearing loss,n/a,Abnormal/Priority/High Risk,"This result signifies that the patient has a copy of the MT-RNR1 [variant]. Based on this genotype result, the patient is predicted to be at increased risk of aminoglycoside-induced hearing loss. This means that the patient is likely to develop irreversible hearing loss if aminoglycosides (e.g. amikacin, gentamicin, tobramycin) are prescribed. Please consult a clinical pharmacist or Infectious Diseases Service for help selecting alternative therapies.",2,
4103240,MT-RNR1,normal risk of aminoglycoside-induced hearing loss,n/a,Normal/Routine/Low Risk,"This result signifies that MT-RNR1 variants associated with aminoglycoside-induced hearing loss were not detected in this patient. Based on this genotype result, no change in aminoglycoside therapy is warranted. It should be noted that this result does not absolutely rule out the possibility of the patient developing ototoxicity with aminoglycoside use.",2,
4103243,MT-RNR1,uncertain risk of aminoglycoside-induced hearing loss,n/a,Normal/Routine/Low Risk,"This result signifies that the patient has a copy of MT-RNR1 [variant]. At this time, the association of this allele with aminoglycoside-induced hearing loss is unknown/uncertain. Based on this genotype result, no change in aminoglycoside therapy is warranted. It should be noted that this result does not absolutely rule out the possibility of the patient developing ototoxicity with aminoglycoside use.",2,
4067106,CYP2D6,Ultrarapid Metabolizer,≥3.5,Abnormal/Priority/High Risk,"This result signifies that this patient has [X copies of a normal function allele (*_xN)] [X copies of a decreased function allele (*_)] [X copies of a no function allele (*_)]. Based on the genotype result this patient is predicted to be an ultrarapid metabolizer of CYP2D6 substrates. This patient may be at risk for an adverse or poor response to medications that are metabolized by CYP2D6. To avoid an untoward drug response, dose adjustments may be necessary for medications metabolized by CYP2D6. Please consult a clinical pharmacist for more information about how CYP2D6 metabolic status influences drug selection and dosing.",3,"{'Latino': 8.051411e-05, 'American': 1.657463e-05, 'European': 3.1193038e-05, 'Oceanian': 0.0, 'East Asian': 4.386605e-05, 'Near Eastern': 0.0, 'Central/South Asian': 0.0, 'Sub-Saharan African': 0.0030230696, 'African American/Afro-Caribbean': 0.0}"
4067362,CYP2D6,Normal Metabolizer,2.25,Normal/Routine/ Low Risk,This result signifies that this patient has two copies of a normal function allele (*_x2) and one copy of decreased function allele with an activity value of 0.25 (*_). Based on the genotype result this patient is predicted to be a normal metabolizer of CYP2D6 substrates. There is no reason to selectively adjust the dose of most medications that are metabolized by CYP2D6. Please consult a clinical pharmacist for more information about how CYP2D6 metabolic status influences drug selection and dosing.,3,"{'Latino': 0.005172111, 'American': 0.00334371, 'European': 0.004804125, 'Oceanian': 0.021296859, 'East Asian': 0.0072278306, 'Near Eastern': 0.029094387, 'Central/South Asian': 0.005050826, 'Sub-Saharan African': 0.0048586284, 'African American/Afro-Caribbean': 0.004428509}"
4067589,CYP2D6,Normal Metabolizer,1.75,Normal/Routine/ Low Risk,This result signifies that this patient has three copies of *41 (*41x3) and one copy of a normal function allele (*_) or [2 copies of a decreased function allele with an activity value of 0.5 (*_x2)]. Based on the genotype result this patient is predicted to be a normal metabolizer of CYP2D6 substrates. There is no reason to selectively adjust the dose of most medications that are metabolized by CYP2D6. Please consult a clinical pharmacist for more information about how CYP2D6 metabolic status influences drug selection and dosing.,3,"{'Latino': 0.0, 'American': 0.0, 'European': 0.0, 'Oceanian': 0.0, 'East Asian': 0.0, 'Near Eastern': 0.0, 'Central/South Asian': 0.0, 'Sub-Saharan African': 0.0, 'African American/Afro-Caribbean': 0.0}"
4067604,CYP2D6,Normal Metabolizer,1.25,Normal/Routine/ Low Risk,This result signifies that this patient has [1 copy of a normal function allele (*_)] or [2 copies of a decreased function allele with an activity value of 0.5 (*_x2)] and [1 copy of a decreased function allele with an activity value of 0.25 (*_)] OR *41x3 and [1 copy of a decreased function allele with an activity value of 0.5 (*_)] or [2 copies of a decreased function allele with an activity value of 0.25 (*_x2)]. Based on the genotype result this patient is predicted to be a normal metabolizer of CYP2D6 substrates. There is no reason to selectively adjust the dose of most medications that are metabolized by CYP2D6. Please consult a clinical pharmacist for more information about how CYP2D6 metabolic status influences drug selection and dosing.,3,"{'Latino': 0.11888533, 'American': 0.07642994, 'European': 0.15507403, 'Oceanian': 0.12359433, 'East Asian': 0.35778287, 'Near Eastern': 0.22410923, 'Central/South Asian': 0.23109229, 'Sub-Saharan African': 0.04500786, 'African American/Afro-Caribbean': 0.07348749}"
4103265,NUDT15,Normal Metabolizer,n/a,Normal/Routine/Low Risk,This result signifies that the patient has two copies of a normal function allele. Based on the genotype result this patient is predicted to be a NUDT15 normal metabolizer. There is no reason to selectively adjust the dose of most medications that are metabolized by NUDT15. Please consult a clinical pharmacist for more information about how NUDT15 metabolic status influences drug selection and dosing.,3,"{'Latino': 0.8768086, 'European': 0.98630786, 'East Asian': 0.77218705, 'Central/South Asian': 0.86494493}"
4103268,NUDT15,Intermediate Metabolizer,n/a,Abnormal/Priority/High Risk,"This result signifies that the patient has one copy of a normal function allele and one copy of a no function allele. Based on the genotype result this patient is predicted to be a NUDT15 intermediate metabolizer. This patient may be at risk for an adverse reactions to medications that are metabolized by NUDT15 (eg thiopurines). To avoid an untoward drug response, dose adjustments or alternative therapeutic agents may be necessary for medications metabolized by NUDT15. Please consult a clinical pharmacist for more information about how NUDT15 metabolic status influences drug selection and dosing.",3,"{'Latino': 0.082887314, 'European': 0.0076054693, 'East Asian': 0.16783968, 'Central/South Asian': 0.12554385}"
4103281,NUDT15,Indeterminate,n/a,Abnormal/Priority/High Risk,"This result signifies that the patient has an allele combination with uncertain and/or unknown function alleles. The expected phenotype for this patient cannot be determined currently based on the NUDT15 diplotype result. If thiopurines are required and NUDT15 status is unknown, monitor closely for toxicity. Please consult a clinical pharmacist for more specific information about how NUDT15 function influences drug dosing.",3,"{'Latino': 0.03663146, 'European': 0.006048766, 'East Asian': 0.045933217, 'Central/South Asian': 0.0046207304}"
4103288,NUDT15,Possible Intermediate Metabolizer,n/a,Abnormal/Priority/High Risk,"This result signifies that the patient has one copy of an uncertain function allele and one copy of a no function allele. Based on the genotype result this patient is predicted to be a NUDT15 possible intermediate metabolizer. This patient may be at risk for an adverse reactions to medications that are metabolized by NUDT15 (eg thiopurines). To avoid an untoward drug response, dose adjustments or alternative therapeutic agents may be necessary for medications metabolized by NUDT15. Please consult a clinical pharmacist for more information about how NUDT15 metabolic status influences drug selection and dosing.",3,"{'Latino': 0.0017137243, 'European': 2.3285522e-05, 'East Asian': 0.0049198293, 'Central/South Asian': 0.00033489507}"
4069766,CYP2D6,Poor Metabolizer,0.0,Abnormal/Priority/High Risk,"This result signifies that the patient has two copies of a no function allele (*_/*_). Based on the genotype result this patient is predicted to be a poor metabolizer of CYP2D6 substrates. This patient may be at a high risk for an adverse or poor response to medications that are metabolized by CYP2D6. To avoid an untoward drug response, dose adjustments or alternative therapeutic agents may be necessary for medications metabolized by the CYP2D6. Please consult a clinical pharmacist for more information about how CYP2D6 metabolic status influences drug selection and dosing.",3,"{'Latino': 0.0311798, 'American': 0.020160662, 'European': 0.065024786, 'Oceanian': 0.0031239481, 'East Asian': 0.007944467, 'Near Eastern': 0.021957064, 'Central/South Asian': 0.023507897, 'Sub-Saharan African': 0.020380834, 'African American/Afro-Caribbean': 0.023474354}"
4068796,CYP2D6,Intermediate Metabolizer,0.5,Abnormal/Priority/High Risk,"This result signifies that this patient has [1 copy of a decreased function allele with an activity value of 0.5 (*_)] or [2 copies of a decreased function allele with an activity value of 0.25 (*_x2)] and one copy of a no function allele (*_) OR two copies for a decreased function allele with an activity value of 0.25 (*_/*_). Based on the genotype result this patient is predicted to be an intermediate metabolizer of CYP2D6 substrates. This patient may be at risk for an adverse or poor response to medications that are metabolized by CYP2D6. To avoid an untoward drug response, dose adjustments may be necessary for medications metabolized by CYP2D6. Please consult a clinical pharmacist for more information about how CYP2D6 metabolic status influences drug selection and dosing.",3,"{'Latino': 0.022830304, 'American': 0.0050216755, 'European': 0.023932345, 'Oceanian': 0.008138877, 'East Asian': 0.21087126, 'Near Eastern': 0.06410619, 'Central/South Asian': 0.040293686, 'Sub-Saharan African': 0.095480226, 'African American/Afro-Caribbean': 0.08539959}"
4069350,CYP2D6,Intermediate Metabolizer,0.25,Abnormal/Priority/High Risk,"This result signifies that this patient has one copy of a decreased function allele with an activity value of 0.25 (*_) and one copy of a no function allele (*_). Based on the genotype result this patient is predicted to be an intermediate metabolizer of CYP2D6 substrates. This patient may be at risk for an adverse or poor response to medications that are metabolized by CYP2D6. To avoid an untoward drug response, dose adjustments may be necessary for medications metabolized by CYP2D6. Please consult a clinical pharmacist for more information about how CYP2D6 metabolic status influences drug selection and dosing.",3,"{'Latino': 0.03277562, 'American': 0.014668899, 'European': 0.07070104, 'Oceanian': 0.010012345, 'East Asian': 0.08109742, 'Near Eastern': 0.06670452, 'Central/South Asian': 0.060946763, 'Sub-Saharan African': 0.027333759, 'African American/Afro-Caribbean': 0.024385082}"
4103273,NUDT15,Poor Metabolizer,n/a,Abnormal/Priority/High Risk,"This result signifies that the patient has two copies of a no function allele. Based on the genotype result this patient is predicted to be a NUDT15 poor metabolizer. This patient may be at a high risk for an adverse reactions to medications that are metabolized by NUDT15 (eg. thiopurines). To avoid an untoward drug response, dose adjustments or or alternative therapy may be necessary for medications metabolized by NUDT15. Please consult a clinical pharmacist for more information about how NUDT15 metabolic status influences drug selection and dosing.",3,"{'Latino': 0.0019588957, 'European': 1.4661539e-05, 'East Asian': 0.00912025, 'Central/South Asian': 0.0045555667}"
4162394,TPMT,Indeterminate,n/a,Abnormal/Priority/High Risk,"This result signifies that the patient has an allele combination with uncertain and/or unknown function alleles. The expected phenotype for this patient cannot be determined currently based on the TPMT diplotype result. Consider evaluating TPMT erythrocyte activity to assess TPMT phenotype. Erythrocyte TPMT activity test results can be falsely low at diagnosis of leukemia and is unreliable in the case of recent red blood cell transfusions. If thiopurines are required and TPMT status is unknown, monitor closely for toxicity. Please consult a clinical pharmacist for more specific information about how TPMT function influences drug dosing.",3,"{'Latino': 0.0059497347, 'European': 0.0048492607, 'East Asian': 0.006525885, 'Near Eastern': 0.0, 'Central/South Asian': 0.0024202352, 'Sub-Saharan African': 0.044807594, 'African American/Afro-Caribbean': 0.07408627}"
4061924,ABCG2,Poor Function,n/a,Abnormal/Priority/High Risk,"This result signifies that the patient has two copies of a decreased function allele. Based on the genotype result, this patient is predicted to have poor ABCG2 function. This patient may be at a high risk for an adverse response to medications that are affected by ABCG2 (i.e. statins). To avoid an untoward drug response, dose adjustments or alternative therapeutic agents may be necessary for medications affected by ABCG2. Please consult a clinical pharmacist for more specific information about how ABCG2 function influences drug dosing.",3,"{'Latino': 0.05035536, 'American': 0.040000003, 'European': 0.010732961, 'Oceanian': 0.0419122, 'East Asian': 0.09431041, 'Near Eastern': 0.00426409, 'Central/South Asian': 0.00868624, 'Sub-Saharan African': 3.4175762e-05, 'African American/Afro-Caribbean': 0.0012156549}"
4061927,ABCG2,Decreased Function,n/a,Abnormal/Priority/High Risk,"This result signifies that the patient has one copy of a normal function allele and one copy of a no decreased allele . Based on the genotype result, this patient is predicted to have decreased ABCG2 function. This patient may be at risk for an adverse response to medications that are affected by ABCG2. To avoid an untoward drug response, dose adjustments may be necessary for medications affected by ABCG2 (i.e. statins). Please consult a clinical pharmacist for more specific information about how ABCG2 function influences drug dosing.",3,"{'Latino': 0.34808928, 'American': 0.32000002, 'European': 0.18573408, 'Oceanian': 0.32562497, 'East Asian': 0.4255792, 'Near Eastern': 0.122071825, 'Central/South Asian': 0.1690275, 'Sub-Saharan African': 0.011623656, 'African American/Afro-Caribbean': 0.06730118}"
4061930,ABCG2,Normal Function,n/a,Normal/Routine/Low Risk,"This result signifies that the patient has two copies of a normal function allele. Based on the genotype result, this patient is predicted to have normal ABCG2 function. This means that there is no reason to adjust the dose of most medications that are affected by ABCG2 on the basis of ABCG2 genetic status. Please consult a clinical pharmacist for more specific information about how ABCG2 function influences drug dosing.",3,"{'Latino': 0.6015554, 'American': 0.64000005, 'European': 0.8035329, 'Oceanian': 0.63246274, 'East Asian': 0.4801104, 'Near Eastern': 0.87366414, 'Central/South Asian': 0.8222862, 'Sub-Saharan African': 0.9883421, 'African American/Afro-Caribbean': 0.9314832}"
4061933,CACNA1S,Malignant Hyperthermia Susceptibility,n/a,Abnormal/Priority/High Risk,"This result signifies that this patient has one copy of a variant [variant] associated with malignant hyperthermia susceptibility. Halogenated volatile anesthetics or depolarizing muscle relaxants are relatively contraindicated in persons with MHS. They should not be used, except in extraordinary circumstances where the benefits outweigh the risks. Please consult a MHS specialist or contact MHAUS (https://www.mhaus.org/healthcare-professionals/) for further information.",2,
4061941,CACNA1S,Uncertain Susceptibility,n/a,Normal Risk,"Variation in RYR1 and/or CACNA1S genes is associated with increased risk of Malignant hyperthermia after administration of depolarizing muscle relaxants and potent volatile anesthetics. Although listed causative CACNA1S variants were NOT detected in this patient, it should be noted that this finding does not absolutely rule out the possibility of malignant hyperthermia. These results should be interpreted in the context of other genetic and clinical findings, family history and other laboratory data.",2,
4134951,RYR1,Malignant Hyperthermia Susceptibility,n/a,Abnormal/Priority/High Risk,"This result signifies that this patient has one copy of a variant [variant] associated with malignant hyperthermia susceptibility. Halogenated volatile anesthetics or depolarizing muscle relaxants are relatively contraindicated in persons with MHS. They should not be used, except in extraordinary circumstances where the benefits outweigh the risks. Please consult a MHS specialist or contact MHAUS (https://www.mhaus.org/healthcare-professionals/) for further information.",2,
4103321,RYR1,Uncertain Susceptibility,n/a,Normal Risk,"Variation in RYR1 and/or CACNA1S genes is associated with increased risk of Malignant hyperthermia after administration of depolarizing muscle relaxants and potent volatile anesthetics. Although listed causative RYR1 variants were NOT detected in this patient, it should be noted that this finding does not absolutely rule out the possibility of malignant hyperthermia. These results should be interpreted in the context of other genetic and clinical findings, family history and other laboratory data.",2,
4161299,SLCO1B1,Increased Function,n/a,Normal/Routine/Low Risk,"This result signifies that the patient has two copies of an increased function allele. Based on the genotype result, this patient is predicted to have increased SLCO1B1 function. This means that there is no reason to adjust the dose of most medications that are affected by SLCO1B1 on the basis of SLCO1B1 genetic status at this time. Please consult a clinical pharmacist for more specific information about how SLCO1B1 function influences drug dosing.",3,"{'American': 0.0, 'European': 0.029916462, 'Oceanian': 0.0, 'East Asian': 0.0, 'Near Eastern': 0.0, 'Central/South Asian': 0.0, 'Sub-Saharan African': 0.0, 'African American/Afro-Caribbean': 0.0}"
4161304,SLCO1B1,Decreased Function,n/a,Abnormal/Priority/High Risk,"This result signifies that the patient has one copy of a normal function allele (*_) and one copy of a no function allele (*_). Based on the genotype result, this patient is predicted to have decreased SLCO1B1 function. This patient may be at risk for an adverse response to medications that are affected by SLCO1B1. To avoid an untoward drug response, dose adjustments may be necessary for medications affected by SLCO1B1 (i.e. statins). Please consult a clinical pharmacist for more specific information about how SLCO1B1 function influences drug dosing.",3,"{'American': 0.3648, 'European': 0.28279552, 'Oceanian': 0.0, 'East Asian': 0.21842287, 'Near Eastern': 0.32000002, 'Central/South Asian': 0.12971397, 'Sub-Saharan African': 0.054308295, 'African American/Afro-Caribbean': 0.0198}"
4161324,SLCO1B1,Normal Function,n/a,Normal/Routine/Low Risk,"This result signifies that the patient has two copies of a normal function allele. Based on the genotype result, this patient is predicted to have normal SLCO1B1 function. This means that there is no reason to adjust the dose of most medications that are affected by SLCO1B1 on the basis of SLCO1B1 genetic status. Please consult a clinical pharmacist for more specific information about how SLCO1B1 function influences drug dosing.",3,"{'American': 0.5776, 'European': 0.6564144, 'Oceanian': 1.0, 'East Asian': 0.75683165, 'Near Eastern': 0.64000005, 'Central/South Asian': 0.8648222, 'Sub-Saharan African': 0.94491136, 'African American/Afro-Caribbean': 0.98010004}"
4161330,SLCO1B1,Indeterminate,n/a,none,This result signifies that the patient has an allele combination with unknown or uncertain function alleles. The expected phenotype for this patient cannot be determined currently based on the SLCO1B1 diplotype result. Please consult a clinical pharmacist for more specific information about how SLCO1B1 function influences drug dosing.,3,"{'American': 0.0, 'European': 0.0014452906, 'Oceanian': 0.0, 'East Asian': 0.007855513, 'Near Eastern': 0.0, 'Central/South Asian': 0.0005580649, 'Sub-Saharan African': 0.0, 'African American/Afro-Caribbean': 0.0}"
4161395,SLCO1B1,Poor Function,n/a,Abnormal/Priority/High Risk,"This result signifies that the patient has two copies of a no function allele. Based on the genotype result, this patient is predicted to have low SLCO1B1 function. This patient may be at a high risk for an adverse response to medications that are affected by SLCO1B1 (i.e. statins). To avoid an untoward drug response, dose adjustments or alternative therapeutic agents may be necessary for medications affected by SLCO1B1. Please consult a clinical pharmacist for more specific information about how SLCO1B1 function influences drug dosing.",3,"{'American': 0.0576, 'European': 0.029130744, 'Oceanian': 0.0, 'East Asian': 0.015759302, 'Near Eastern': 0.040000003, 'Central/South Asian': 0.004863923, 'Sub-Saharan African': 0.0007803353, 'African American/Afro-Caribbean': 0.0001}"
4161465,SLCO1B1,Possible Decreased Function,n/a,Abnormal/Priority/High Risk,"This result signifies that the patient has one copy of a uncertain or unknown function allele (*_) and one copy of a no function allele (*_). Based on the genotype result, this patient is predicted to have possible decreased SLCO1B1 function. This patient may be at risk for an adverse response to medications that are affected by SLCO1B1. To avoid an untoward drug response, dose adjustments may be necessary for medications affected by SLCO1B1 (i.e. statins). Please consult a clinical pharmacist for more specific information about how SLCO1B1 function influences drug dosing.",3,"{'American': 0.0, 'European': 0.00029760195, 'Oceanian': 0.0, 'East Asian': 0.0011306308, 'Near Eastern': 0.0, 'Central/South Asian': 4.18451e-05, 'Sub-Saharan African': 0.0, 'African American/Afro-Caribbean': 0.0}"
4061944,CFTR,ivacaftor responsive in CF patients,n/a,,,1,
4062766,CFTR,ivacaftor non-responsive in CF patients,n/a,,,1,
4162310,TPMT,Normal Metabolizer,n/a,Normal/Routine/Low Risk,"This result signifies that the patient has two copies of a normal function allele. Based on the genotype result this patient is predicted to be a TPMT normal metabolizer. There is no reason to selectively adjust the dose of most medications that are metabolized by TPMT. However, thiopurines can be affected by a patient's TPMT and NUDT15 phenotype. Please consult a clinical pharmacist for more information about how TPMT and NUDT15 metabolic status influences drug selection and dosing.",3,"{'Latino': 0.890108, 'European': 0.9090313, 'East Asian': 0.9596651, 'Near Eastern': 0.93240434, 'Central/South Asian': 0.96308726, 'Sub-Saharan African': 0.8491466, 'African American/Afro-Caribbean': 0.8526922}"
4162313,TPMT,Intermediate Metabolizer,n/a,Abnormal/Priority/High Risk,"This result signifies that the patient has one copy of a normal function allele and one copy of a no function allele. Based on the genotype result this patient is predicted to be a TPMT intermediate metabolizer. This patient may be at risk for an adverse reactions to medications that are metabolized by TPMT (eg. thiopurines). To avoid an untoward drug response, dose adjustments or alternative therapeutic agents may be necessary for medications metabolized by TPMT. However, thiopurines can be affected by a patient's TPMT and NUDT15 phenotype. Please consult a clinical pharmacist for more information about how TPMT and NUDT15 metabolic status influences drug selection and dosing.",3,"{'Latino': 0.100754894, 'European': 0.083957225, 'East Asian': 0.033404876, 'Near Eastern': 0.06641302, 'Central/South Asian': 0.034146916, 'Sub-Saharan African': 0.1004582, 'African American/Afro-Caribbean': 0.068898946}"
4162326,TPMT,Poor Metabolizer,n/a,Abnormal/Priority/High Risk,"This result signifies that the patient has two copies of a no function allele. Based on the genotype result this patient is predicted to be a TPMT poor metabolizer. This patient may be at a high risk for an adverse reactions to medications that are metabolized by TPMT (eg. thiopurines). To avoid an untoward drug response, dose adjustments or or alternative therapy may be necessary for medications metabolized by TPMT. However, thiopurines can be affected by a patient's TPMT and NUDT15 phenotype. Please consult a clinical pharmacist for more information about how TPMT and NUDT16 metabolic status influences drug selection and dosing.",3,"{'Latino': 0.0028512129, 'European': 0.0019385515, 'East Asian': 0.00029069668, 'Near Eastern': 0.0011826118, 'Central/South Asian': 0.00030267553, 'Sub-Saharan African': 0.002971174, 'African American/Afro-Caribbean': 0.0013917874}"
4162423,TPMT,Possible Intermediate Metabolizer,n/a,Abnormal/Priority/High Risk,"This result signifies that the patient has one copy of an uncertain/unknown function allele and one copy of a no function allele. Based on the genotype result this patient has a priority result (TPMT possible intermediate metabolizer) because their activity is not likely to be any higher than that of an intermediate metabolizer; if the uncertain/unknown function allele is also low, activity may be even lower than that of an intermediate metabolizer. This patient may be at risk for an adverse reactions to medications that are metabolized by TPMT (eg. thiopurines). To avoid an untoward drug response, dose adjustments or alternative therapeutic agents may be necessary for medications metabolized by TPMT. However, thiopurines can be affected by a patient's TPMT and NUDT15 phenotype. Please consult a clinical pharmacist for more information about how TPMT and NUDT15metabolic status influences drug selection and dosing.",3,"{'Latino': 0.00033617634, 'European': 0.0002236386, 'East Asian': 0.000113386974, 'Near Eastern': 0.0, 'Central/South Asian': 4.2878622e-05, 'Sub-Saharan African': 0.0026164071, 'African American/Afro-Caribbean': 0.0029308118}"
4062774,CYP2B6,Rapid Metabolizer,n/a,Normal/Routine/Low Risk,This result signifies that the patient has one copy of a normal function allele and one copy of an increased function allele. Based on the genotype result this patient is predicted to be a rapid metabolizer of CYP2B6 substrates. There is no reason to selectively adjust the dose of most medications that are metabolized by CYP2B6. Please consult a clinical pharmacist for more information about how CYP2B6 metabolic status influences drug selection and dosing.,3,"{'Latino': 0.1231214, 'European': 0.07192102, 'Oceanian': 0.0, 'East Asian': 0.11734093, 'Near Eastern': 0.112112, 'Central/South Asian': 0.12859802, 'Sub-Saharan African': 0.023451613, 'African American/Afro-Caribbean': 0.024602734}"
4062968,CYP2B6,Poor Metabolizer,n/a,Abnormal/Priority/High Risk,"This result signifies that the patient has two copies of a no function allele OR two copies of a decreased function allele OR one copy of a no function allele and one copy of a decreased function allele. Based on the genotype result this patient is predicted to be a poor metabolizer of CYP2B6 substrates. This patient may be at risk for an adverse or poor response to medications that are metabolized by CYP2B6. To avoid an untoward drug response, dose adjustments or or alternative therapy may be necessary for medications metabolized by CYP2B6. Please consult a clinical pharmacist for more information about how CYP2B6 metabolic status influences drug selection and dosing.",3,"{'Latino': 0.09452413, 'European': 0.07428478, 'Oceanian': 0.4096, 'East Asian': 0.0436291, 'Near Eastern': 0.127449, 'Central/South Asian': 0.059536003, 'Sub-Saharan African': 0.23673655, 'African American/Afro-Caribbean': 0.15714757}"
4063162,CYP2B6,Indeterminate,n/a,none,This result signifies that the patient has an allele combination with uncertain and/or unknown function alleles. The expected phenotype for this patient cannot be determined currently based on the CYP2B6 diplotype result. Please consult a clinical pharmacist for more specific information about how CYP2B6 function influences drug dosing.,3,"{'Latino': 0.013596146, 'European': 0.034128595, 'Oceanian': 0.0, 'East Asian': 0.020025712, 'Near Eastern': 0.0, 'Central/South Asian': 0.014973663, 'Sub-Saharan African': 0.19752888, 'African American/Afro-Caribbean': 0.009429132}"
4063502,CYP2C19,Rapid Metabolizer,n/a,Abnormal/Priority/High Risk,"This result signifies that the patient has one copy of a normal function allele and one copy of an increased function allele. Based on the genotype result this patient is predicted to be a rapid metabolizer of CYP2C19 substrates. This patient may be at risk for an adverse or poor response to medications that are metabolized by CYP2C19. To avoid an untoward drug response, dose adjustments or alternative therapeutic agents may be necessary for medications metabolized by CYP2C19. Please consult a clinical pharmacist for more information about how CYP2C19 metabolic status influences drug selection and dosing.",3,"{'Latino': 0.24136075, 'American': 0.13638271, 'European': 0.2711846, 'Oceanian': 0.021329276, 'East Asian': 0.025343522, 'Near Eastern': 0.2573682, 'Central/South Asian': 0.18567303, 'Sub-Saharan African': 0.21080859, 'African American/Afro-Caribbean': 0.2373838}"
4063787,CYP2C19,Poor Metabolizer,n/a,Abnormal/Priority/High Risk,"This result signifies that the patient has two copies of a no function allele. Based on the genotype result this patient is predicted to be a poor metabolizer of CYP2C19 substrates. This patient may be at a high risk for an adverse or poor response to medications that are metabolized by CYP2C19. To avoid an untoward drug response, dose adjustments or or alternative therapy may be necessary for medications metabolized by the CYP2C19. Please consult a clinical pharmacist for more information about how CYP2C19 metabolic status influences drug selection and dosing.",3,"{'Latino': 0.011408395, 'American': 0.014819587, 'European': 0.02387743, 'Oceanian': 0.5713864, 'East Asian': 0.12978691, 'Near Eastern': 0.018584846, 'Central/South Asian': 0.08156806, 'Sub-Saharan African': 0.036714304, 'African American/Afro-Caribbean': 0.040512204}"
4063511,CYP2C19,Normal Metabolizer,n/a,Normal/Routine/Low Risk,This result signifies that the patient has two copies of a normal function allele. Based on the genotype result this patient is predicted to be an normal metabolizer of CYP2C19 substrates. There is no reason to selectively adjust the dose of most medications that are metabolized by CYP2C19. Please consult a clinical pharmacist for more information about how CYP2C19 metabolic status influences drug selection and dosing.,3,"{'Latino': 0.5249766, 'American': 0.62755567, 'European': 0.39611652, 'Oceanian': 0.035006005, 'East Asian': 0.38055435, 'Near Eastern': 0.45192146, 'Central/South Asian': 0.29552925, 'Sub-Saharan African': 0.36977687, 'African American/Afro-Caribbean': 0.32805592}"
4063713,CYP2C19,Likely Poor Metabolizer,n/a,Abnormal/Priority/High Risk,"This result signifies that the patient has one copy of a decreased function allele and one copy of a no function allele. Based on the genotype result this patient MAY be a poor metabolizer of CYP2C19 substrates. This patient may be at a high risk for an adverse or poor response to medications that are metabolized by CYP2C19. To avoid an untoward drug response, dose adjustments or or alternative therapy may be necessary for medications metabolized by the CYP2C19. Please consult a clinical pharmacist for more information about how CYP2C19 metabolic status influences drug selection and dosing.",3,"{'Latino': 0.0004440685, 'American': 0.0, 'European': 0.00020405183, 'Oceanian': 0.0, 'East Asian': 0.0004349198, 'Near Eastern': 0.0, 'Central/South Asian': 0.0, 'Sub-Saharan African': 0.010332189, 'African American/Afro-Caribbean': 0.007090685}"
4063867,CYP2C19,Indeterminate,n/a,none,This result signifies that the patient has an allele combination with uncertain and/or unknown function alleles. The expected phenotype for this patient cannot be determined currently based on the CYP2C19 diplotype result. Please consult a clinical pharmacist for more specific information about how CYP2C19 function influences drug dosing.,3,"{'Latino': 0.0, 'American': 0.0, 'European': 0.0, 'Oceanian': 0.0, 'East Asian': 0.0034064606, 'Near Eastern': 0.0, 'Central/South Asian': 0.0, 'Sub-Saharan African': 0.0, 'African American/Afro-Caribbean': 0.0022393465}"
4163271,UGT1A1,Normal Metabolizer,n/a,Normal/Routine/Low Risk,This result signifies that the patient has two copies of a normal function allele (*1) OR one copy of a normal function allele (*1) and one copy of an increased function allele (*36) OR two copies of an increased function allele (*36). Based on the genotype result this patient is predicted to be an normal metabolizer of UGT1A1 substrates. There is no reason to selectively adjust the dose of most medications that inhibit or are inactivated by UGT1A1. Please consult a clinical pharmacist for more information about how UGT1A1 metabolic status influences drug selection and dosing.,2,
4163278,UGT1A1,Intermediate Metabolizer,n/a,Normal/Routine/Low Risk,"This result signifies that the patient has one copy of a normal function allele (*1) OR one copy of an increased function allele (*36), AND and one copy of a decreased function allele (*_). Based on the genotype result this patient is predicted to be an intermediate metabolizer of UGT1A1 substrates. There is no reason to selectively adjust the dose of most medications that inhibit or are inactivated by UGT1A1. Please consult a clinical pharmacist for more information about how UGT1A1 metabolic status influences drug selection and dosing.",2,
4163293,UGT1A1,Poor Metabolizer,n/a,Abnormal/Priority/High Risk,"This result signifies that the patient has two copies of decreased function alleles (*_ and *_). Based on the genotype result this patient is predicted to be a poor metabolizer of UGT1A1 substrates. This patient may be at risk for an adverse or poor response to medications that inhibit or are inactivated by UGT1A1. Based on the genotype result, this patient is predicted to have low UGT1A1 function, which is generally indicative of Gilbert syndrome. This patient may be at high risk for toxicity from select medications that inhibit or are inactivated by UGT1A1. Please consult a clinical pharmacist for more information about how UGT1A1 metabolic status influences drug selection and dosing.",2,
4064188,CYP2C9,Normal Metabolizer,2.0,Normal/Routine/Low Risk,"This result signifies that the patient has two copies of a normal function allele. Based on the genotype result, this patient is predicted to be a CYP2C9 Normal metabolizer. Based only on the CYP2C9 genotype, there is no reason to adjust the dose of most medications that are affected by CYP2C9. Please consult a clinical pharmacist for more specific information about how CYP2C9 function influences drug dosing.",3,"{'Latino': 0.74342215, 'American': 0.83149743, 'European': 0.62845254, 'Oceanian': 0.9122409, 'East Asian': 0.8378542, 'Near Eastern': 0.61125296, 'Central/South Asian': 0.5961676, 'Sub-Saharan African': 0.73114437, 'African American/Afro-Caribbean': 0.75866354}"
4064193,CYP2C9,Intermediate Metabolizer,1.5,Abnormal/Priority/High Risk,"This result signifies that the patient has one copy of a normal function allele and one copy of a decreased function allele. Based on the genotype result, this patient is predicted to be a CYP2C9 intermediate metabolizer (activity score of 1.5). This patient may be at risk for an adverse response to medications that are affected by CYP2C9. Please consult a clinical pharmacist for more specific information about how CYP2C9 intermediate metabolizer status influences drug dosing.",3,"{'Latino': 0.1647683, 'American': 0.10592343, 'European': 0.20758142, 'Oceanian': 0.05599055, 'East Asian': 0.052658077, 'Near Eastern': 0.2097067, 'Central/South Asian': 0.17885593, 'Sub-Saharan African': 0.21372117, 'African American/Afro-Caribbean': 0.1863267}"
4064237,CYP2C9,Intermediate Metabolizer,1.0,Abnormal/Priority/High Risk,"This result signifies that the patient has one copy of a normal function allele and one copy of a no function allele OR two copies of decreased function alleles. Based on the genotype result, this patient is predicted to be a CYP2C9 intermediate metabolizer (activity score of 1). This patient may be at risk for an adverse response to medications that are affected by CYP2C9. Please consult a clinical pharmacist for more specific information about how CYP2C9 intermediate metabolizer status influences drug dosing.",3,"{'Latino': 0.08109343, 'American': 0.05818467, 'European': 0.13767911, 'Oceanian': 0.03061276, 'East Asian': 0.098925985, 'Near Eastern': 0.1494271, 'Central/South Asian': 0.18352722, 'Sub-Saharan African': 0.049747862, 'African American/Afro-Caribbean': 0.049812526}"
4064497,CYP2C9,Poor Metabolizer,0.5,Abnormal/Priority/High Risk,"This result signifies that the patient has one copy of a decreased function allele and one copy of a no function allele. Based on the genotype result, this patient is predicted to be a CYP2C9 poor metabolizer. This patient may be at high risk for an adverse response to medications that are affected by CYP2C9. Please consult a clinical pharmacist for more specific information about how CYP2C9 intermediate metabolizer status influences drug dosing.",3,"{'Latino': 0.007974847, 'American': 0.0034911723, 'European': 0.019907156, 'Oceanian': 0.0009130932, 'East Asian': 0.0030826868, 'Near Eastern': 0.022547128, 'Central/South Asian': 0.025517693, 'Sub-Saharan African': 0.0049882242, 'African American/Afro-Caribbean': 0.004712071}"
4064772,CYP2C9,Poor Metabolizer,0.0,Abnormal/Priority/High Risk,"This result signifies that the patient has two copies of no function alleles. Based on the genotype result, this patient is predicted to be a CYP2C9 poor metabolizer. This patient may be at high risk for an adverse response to medications that are affected by CYP2C9. Please consult a clinical pharmacist for more specific information about how CYP2C9 intermediate metabolizer status influences drug dosing.",3,"{'Latino': 0.0017415384, 'American': 0.00090327376, 'European': 0.0057798154, 'Oceanian': 0.00024261088, 'East Asian': 0.0028714235, 'Near Eastern': 0.007066085, 'Central/South Asian': 0.012135133, 'Sub-Saharan African': 0.0003982905, 'African American/Afro-Caribbean': 0.00048520204}"
4064865,CYP2C9,Indeterminate,n/a,none,This result signifies that the patient has an allele combination with uncertain and/or unknown function alleles. The expected phenotype for this patient cannot be determined currently based on the CYP2C9 diplotype result. Please consult a clinical pharmacist for more specific information about how CYP2C9 function influences drug dosing.,3,"{'Latino': 0.0009997501, 'American': 0.0, 'European': 0.00059991, 'Oceanian': 0.0, 'East Asian': 0.0046076896, 'Near Eastern': 0.0, 'Central/South Asian': 0.0037963898, 'Sub-Saharan African': 0.0, 'African American/Afro-Caribbean': 0.0}"
4067064,CYP2D6,Ultrarapid Metabolizer,≥5.0,Abnormal/Priority/High Risk,"This result signifies that this patient has [X copies of a normal function allele (*_xN)] [X copies of a decreased function allele (*_)] [X copies of a no function allele (*_)]. Based on the genotype result this patient is predicted to be an ultrarapid metabolizer of CYP2D6 substrates. This patient may be at risk for an adverse or poor response to medications that are metabolized by CYP2D6. To avoid an untoward drug response, dose adjustments may be necessary for medications metabolized by CYP2D6. Please consult a clinical pharmacist for more information about how CYP2D6 metabolic status influences drug selection and dosing.",3,"{'Latino': 5.5729302e-05, 'American': 6.4731175e-05, 'European': 5.8472542e-05, 'Oceanian': 0.0, 'East Asian': 1.5887783e-05, 'Near Eastern': 0.0, 'Central/South Asian': 0.0, 'Sub-Saharan African': 0.00025376127, 'African American/Afro-Caribbean': 0.0}"
4067244,CYP2D6,Ultrarapid Metabolizer,4.0,Abnormal/Priority/High Risk,"This result signifies that this patient has [X copies of a normal function allele (*_xN)] [X copies of a decreased function allele (*_)] [X copies of a no function allele (*_)]. Based on the genotype result this patient is predicted to be an ultrarapid metabolizer of CYP2D6 substrates. This patient may be at risk for an adverse or poor response to medications that are metabolized by CYP2D6. To avoid an untoward drug response, dose adjustments may be necessary for medications metabolized by CYP2D6. Please consult a clinical pharmacist for more information about how CYP2D6 metabolic status influences drug selection and dosing.",3,"{'Latino': 0.0007764387, 'American': 0.0010475313, 'European': 0.0003002313, 'Oceanian': 0.014133941, 'East Asian': 6.3105406e-05, 'Near Eastern': 0.0041771694, 'Central/South Asian': 0.00016144973, 'Sub-Saharan African': 0.0006439478, 'African American/Afro-Caribbean': 0.0007742127}"
4067074,CYP2D6,Ultrarapid Metabolizer,≥3.75,Abnormal/Priority/High Risk,"This result signifies that this patient has [X copies of a normal function allele (*_xN)] [X copies of a decreased function allele (*_)] [X copies of a no function allele (*_)]. Based on the genotype result this patient is predicted to be an ultrarapid metabolizer of CYP2D6 substrates. This patient may be at risk for an adverse or poor response to medications that are metabolized by CYP2D6. To avoid an untoward drug response, dose adjustments may be necessary for medications metabolized by CYP2D6. Please consult a clinical pharmacist for more information about how CYP2D6 metabolic status influences drug selection and dosing.",3,"{'Latino': 0.0, 'American': 0.0, 'European': 0.0, 'Oceanian': 0.0, 'East Asian': 0.0, 'Near Eastern': 0.0, 'Central/South Asian': 0.0, 'Sub-Saharan African': 0.0, 'African American/Afro-Caribbean': 0.0}"
4067130,CYP2D6,Ultrarapid Metabolizer,≥3.25,Abnormal/Priority/High Risk,"This result signifies that this patient has [X copies of a normal function allele (*_xN)] [X copies of a decreased function allele (*_)] [X copies of a no function allele (*_)]. Based on the genotype result this patient is predicted to be an ultrarapid metabolizer of CYP2D6 substrates. This patient may be at risk for an adverse or poor response to medications that are metabolized by CYP2D6. To avoid an untoward drug response, dose adjustments may be necessary for medications metabolized by CYP2D6. Please consult a clinical pharmacist for more information about how CYP2D6 metabolic status influences drug selection and dosing.",3,"{'Latino': 0.00018561553, 'American': 0.00010331066, 'European': 0.00046782166, 'Oceanian': 0.0, 'East Asian': 0.0009098603, 'Near Eastern': 0.0, 'Central/South Asian': 0.0, 'Sub-Saharan African': 0.0009573228, 'African American/Afro-Caribbean': 0.0}"
4067150,CYP2D6,Ultrarapid Metabolizer,≥3.0,Abnormal/Priority/High Risk,"This result signifies that this patient has [X copies of a normal function allele (*_xN)] [X copies of a decreased function allele (*_)] [X copies of a no function allele (*_)]. Based on the genotype result this patient is predicted to be an ultrarapid metabolizer of CYP2D6 substrates. This patient may be at risk for an adverse or poor response to medications that are metabolized by CYP2D6. To avoid an untoward drug response, dose adjustments may be necessary for medications metabolized by CYP2D6. Please consult a clinical pharmacist for more information about how CYP2D6 metabolic status influences drug selection and dosing.",3,"{'Latino': 0.00035315607, 'American': 0.0002839765, 'European': 0.0008605249, 'Oceanian': 0.0, 'East Asian': 0.00017826348, 'Near Eastern': 0.0, 'Central/South Asian': 0.0, 'Sub-Saharan African': 0.0014276147, 'African American/Afro-Caribbean': 0.0}"
4067262,CYP2D6,Ultrarapid Metabolizer,3.0,Abnormal/Priority/High Risk,"This result signifies that this patient has [X copies of a normal function allele (*_xN)] [X copies of a decreased function allele (*_)] [X copies of a no function allele (*_)]. Based on the genotype result this patient is predicted to be an ultrarapid metabolizer of CYP2D6 substrates. This patient may be at risk for an adverse or poor response to medications that are metabolized by CYP2D6. To avoid an untoward drug response, dose adjustments may be necessary for medications metabolized by CYP2D6. Please consult a clinical pharmacist for more information about how CYP2D6 metabolic status influences drug selection and dosing.",3,"{'Latino': 0.035694193, 'American': 0.047888573, 'European': 0.019382542, 'Oceanian': 0.16405001, 'East Asian': 0.006247527, 'Near Eastern': 0.06435209, 'Central/South Asian': 0.014773737, 'Sub-Saharan African': 0.011930409, 'African American/Afro-Caribbean': 0.025694855}"
4070849,CYP2D6,Indeterminate,n/a,none,This result signifies that the patient has an allele combination with uncertain and/or unknown function alleles. The expected phenotype for this patient cannot be determined currently based on the CYP2D6 diplotype result. Please consult a clinical pharmacist for more specific information about how CYP2D6 function influences drug dosing.,3,"{'Latino': 0.041558996, 'American': 0.04917352, 'European': 0.03725156, 'Oceanian': 0.087338224, 'East Asian': 0.062651925, 'Near Eastern': 0.03744279, 'Central/South Asian': 0.09993659, 'Sub-Saharan African': 0.34996387, 'African American/Afro-Caribbean': 0.038868744}"
4081832,CYP3A5,Normal Metabolizer,n/a,Abnormal/Priority/High Risk,"This result signifies that the patient has two copies of a normal function allele. Patients with this genotype are expected to require higher starting tacrolimus dosing (1.5 times to 2 times the standard dose-maximum starting dose not to exceed 0.3mg/kg/day). Further dose adjustments or selection of alternative therapy may be necessary due to other clinical factors (e.g., medication interactions, or hepatic function). Please consult a clinical pharmacist for more specific dosing information.",3,"{'Latino': 0.029857205, 'European': 0.005491413, 'East Asian': 0.064288594, 'Near Eastern': 0.014869832, 'Central/South Asian': 0.106746115, 'Sub-Saharan African': 0.22983262, 'African American/Afro-Caribbean': 0.20507748}"
4081835,CYP3A5,Intermediate Metabolizer,n/a,Abnormal/Priority/High Risk,"This result signifies that the patient has one copy of a normal function allele and one copy of a no function allele. Patients with this genotype are expected to require higher starting tacrolimus dosing (1.5 times to 2 times the standard dose-maximum starting dose not to exceed 0.3mg/kg/day). Further dose adjustments or selection of alternative therapy may be necessary due to other clinical factors (e.g., medication interactions, or hepatic function). Please consult a clinical pharmacist for more specific dosing information.",3,"{'Latino': 0.28587034, 'European': 0.13722531, 'East Asian': 0.37852672, 'Near Eastern': 0.21414419, 'Central/South Asian': 0.43994826, 'Sub-Saharan African': 0.499152, 'African American/Afro-Caribbean': 0.4955547}"
4081840,CYP3A5,Poor Metabolizer,n/a,Normal/Routine/Low Risk,This result signifies that the patient has two copies of a no function allele. Patients with this genotype are expected to require standard tacrolimus dosing. Please consult a clinical pharmacist for more specific dosing information.,3,"{'Latino': 0.68427247, 'European': 0.85728335, 'East Asian': 0.5571847, 'Near Eastern': 0.770986, 'Central/South Asian': 0.45330563, 'Sub-Saharan African': 0.2710154, 'African American/Afro-Caribbean': 0.2993679}"
4081848,CYP3A5,Possible Intermediate Metabolizer,n/a,Abnormal/Priority/High Risk,"This result signifies that the patient has one copy of a normal function allele and one copy of an uncertain or unknown function allele. Patients with this genotype are expected to require higher starting tacrolimus dosing (1.5 times to 2 times the standard dose-maximum starting dose not to exceed 0.3mg/kg/day). Further dose adjustments or selection of alternative therapy may be necessary due to other clinical factors (e.g., medication interactions, or hepatic function). Please consult a clinical pharmacist for more specific dosing information.",3,"{'Latino': 0.0, 'European': 0.0, 'East Asian': 0.0, 'Near Eastern': 0.0, 'Central/South Asian': 0.0, 'Sub-Saharan African': 0.0, 'African American/Afro-Caribbean': 0.0}"
4081852,CYP3A5,Indeterminate,n/a,none,This result signifies that the patient has an allele combination with uncertain and/or unknown function alleles. The expected phenotype for this patient cannot be determined currently based on the CYP3A5 diplotype result. Please consult a clinical pharmacist for more specific information about how CYP3A5 function influences drug dosing.,3,"{'Latino': 0.0, 'European': 0.0, 'East Asian': 0.0, 'Near Eastern': 0.0, 'Central/South Asian': 0.0, 'Sub-Saharan African': 0.0, 'African American/Afro-Caribbean': 0.0}"
4081864,DPYD,Normal Metabolizer,2.0,Normal/Routine/Low Risk,"This result signifies that the patient has two copies of normal function DPYD alleles. Based on the genotype result this patient is predicted to be DPYD Normal Metabolizer with a DPYD activity score of 2. For this genotype, no selective dose adjustment is indicated for medications that are metabolized by DPD. Please consult a clinical pharmacist for more information about how DPD metabolic status influences drug selection and dosing.",2,
4083462,DPYD,Intermediate Metabolizer,1.5,Abnormal/Priority/High Risk,"This result signifies that the patient has one copy of a normal function allele and one copy of a decreased function allele of the DPYD gene. Based on the genotype result this patient is predicted to be a DPYD Intermediate Metabolizer with a DPYD activity score of 1.5. This patient may be at risk for adverse drug reactions to medications that are metabolized by DPD (i.e. 5-fluorouracil, capecitabine, and tegafur) and a dose adjustment may be indicated. Please consult a clinical pharmacist for more information about how DPD metabolic status influences drug selection and dosing.",2,
4083856,DPYD,Intermediate Metabolizer,1.0,Abnormal/Priority/High Risk,"This result signifies that the patient has either one copy of a normal function allele and one copy of a no function allele of the DPYD gene OR two copies of decreased function alleles of the DPYD gene. Based on the genotype result this patient is predicted to be a DPYD Intermediate Metabolizer with a DPYD activity score of 1. This patient may be at risk for adverse drug reactions to medications that are metabolized by DPD (i.e. 5-fluorouracil, capecitabine, and tegafur) and a dose adjustment may be indicated. Please consult a clinical pharmacist for more information about how DPD metabolic status influences drug selection and dosing.",2,
4085063,DPYD,Poor Metabolizer,0.5,Abnormal/Priority/High Risk,"This result signifies that the patient has one copy of a decreased function allele and one copy of a no function allele of the DPYD gene. Based on the genotype result this patient is predicted to be a DPYD Poor Metabolizer with a DPYD activity score of 0.5. This patient may be at risk for adverse drug reactions to medications that are metabolized by DPD (i.e. 5-fluorouracil, capecitabine, and tegafur) and a dose adjustment or alternative therapeutic agents may be indicated. Please consult a clinical pharmacist for more information about how DPD metabolic status influences drug selection and dosing.",2,
4085212,DPYD,Poor Metabolizer,0.0,Abnormal/Priority/High Risk,"This result signifies that the patient has two copies of no function alleles of the DPYD gene. Based on the genotype result this patient is predicted to be a DPYD Poor Metabolizer with a DPYD activity score of 0. This patient may be at risk for adverse drug reactions to medications that are metabolized by DPD (i.e. 5-fluorouracil, capecitabine, and tegafur) and alternative therapeutic agents may be indicated. Please consult a clinical pharmacist for more information about how DPD metabolic status influences drug selection and dosing.",2,
4085445,G6PD,Normal,n/a,Normal Risk,"Based on the genotype result, this patient is predicted to have normal G6PD enzyme activity. This means there is no reason to selectively avoid G6PD associated medications based on the G6PD status alone. Please consult a clinical pharmacist for more information.",2,
4085452,G6PD,Deficient,n/a,Abnormal/Priority/High Risk,"Based on the genotype result, this patient is predicted to be G6PD deficient and is at risk for developing hemolytic anemia when exposed to certain medications (such as dapsone, methylene blue, pegloticase, primaquine (at certain doses), rasburicase, tafenoquine, toluidine blue) or foods (such as fava beans). Please consult a clinical pharmacist for more information.",2,
4085545,G6PD,Deficient with CNSHA,n/a,Abnormal/Priority/High Risk,"Based on the genotype result, this patient is predicted to be G6PD deficient with CNSHA and is at risk for developing or worsening hemolytic anemia when exposed to certain medications (such as dapsone, methylene blue, pegloticase, primaquine (at certain doses), rasburicase, tafenoquine, toluidine blue) or foods (such as fava beans). Please consult a clinical pharmacist for more information.",2,
4085649,G6PD,Variable,n/a,Abnormal/Priority/High Risk,"This patient carries one copy of a deficient G6PD allele and one copy of a normal G6PD allele. Due to X inactivation, patients who are heterozygous with one deficient allele and one normal allele may exhibit G6PD activity ranging from normal to deficient. A G6PD enzyme activity test is recommended to assess for G6PD deficiency. Please consult a clinical pharmacist for more information.",2,
4102115,G6PD,Indeterminate,n/a,Abnormal/Priority/High Risk,This result signifies that the patient has an allele combination with uncertain and/or unknown function alleles. The expected phenotype for this patient cannot be determined currently based on genotype alone. A G6PD enzyme activity test is recommended to assess for G6PD deficiency. Please consult a clinical pharmacist for more specific information about how G6PD function influences drug dosing.,2,
4067256,CYP2D6,Ultrarapid Metabolizer,2.75,Abnormal/Priority/High Risk,"This result signifies that this patient has [X copies of a normal function allele (*_xN)] [X copies of a decreased function allele (*_)] [X copies of a no function allele (*_)]. Based on the genotype result this patient is predicted to be an ultrarapid metabolizer of CYP2D6 substrates. This patient may be at risk for an adverse or poor response to medications that are metabolized by CYP2D6. To avoid an untoward drug response, dose adjustments may be necessary for medications metabolized by CYP2D6. Please consult a clinical pharmacist for more information about how CYP2D6 metabolic status influences drug selection and dosing.",3,"{'Latino': 0.0, 'American': 0.0, 'European': 0.0, 'Oceanian': 0.0, 'East Asian': 0.0, 'Near Eastern': 0.0, 'Central/South Asian': 0.0, 'Sub-Saharan African': 0.0, 'African American/Afro-Caribbean': 0.0}"
4067316,CYP2D6,Ultrarapid Metabolizer,2.5,Abnormal/Priority/High Risk,"This result signifies that this patient has [X copies of a normal function allele (*_xN)] [X copies of a decreased function allele (*_)]. Based on the genotype result this patient is predicted to be an ultrarapid metabolizer of CYP2D6 substrates. This patient may be at risk for an adverse or poor response to medications that are metabolized by CYP2D6. To avoid an untoward drug response, dose adjustments may be necessary for medications metabolized by CYP2D6. Please consult a clinical pharmacist for more information about how CYP2D6 metabolic status influences drug selection and dosing.",3,"{'Latino': 0.0022434974, 'American': 0.0005364476, 'European': 0.0003203256, 'Oceanian': 0.00024761492, 'East Asian': 0.00034846712, 'Near Eastern': 0.005864233, 'Central/South Asian': 6.554563e-05, 'Sub-Saharan African': 0.015342758, 'African American/Afro-Caribbean': 0.01435911}"
4067400,CYP2D6,Normal Metabolizer,2.0,Normal/Routine/ Low Risk,This result signifies that this patient has [X copies of a normal function allele (*_xN)] [X copies of a decreased function allele (*_)] [X copies of a no function allele (*_)]. Based on the genotype result this patient is predicted to be a normal metabolizer of CYP2D6 substrates. There is no reason to selectively adjust the dose of most medications that are metabolized by CYP2D6. Please consult a clinical pharmacist for more information about how CYP2D6 metabolic status influences drug selection and dosing.,3,"{'Latino': 0.42007107, 'American': 0.55650544, 'European': 0.32166475, 'Oceanian': 0.48931405, 'East Asian': 0.15604466, 'Near Eastern': 0.2670007, 'Central/South Asian': 0.34187043, 'Sub-Saharan African': 0.062504075, 'African American/Afro-Caribbean': 0.22171879}"
4067586,CYP2D6,Normal Metabolizer,1.5,Normal/Routine/ Low Risk,This result signifies that this patient has [1 copy of a normal function allele (*_)] [X copies of a decreased function allele (*_)] [X copies of a no function allele (*_)]. Based on the genotype result this patient is predicted to be a normal metabolizer of CYP2D6 substrates. There is no reason to selectively adjust the dose of most medications that are metabolized by CYP2D6. Please consult a clinical pharmacist for more information about how CYP2D6 metabolic status influences drug selection and dosing.,3,"{'Latino': 0.051568672, 'American': 0.012262027, 'European': 0.010339902, 'Oceanian': 0.00143701, 'East Asian': 0.017249376, 'Near Eastern': 0.045171212, 'Central/South Asian': 0.0029989334, 'Sub-Saharan African': 0.1421275, 'African American/Afro-Caribbean': 0.23827769}"
4067617,CYP2D6,Intermediate Metabolizer,1.0,Abnormal/Priority/High Risk,"This result signifies that this patient has [1 copy of a normal function allele (*_)] [X copies of a decreased function allele (*_)] [X copies of a no function allele (*_)]. Based on the genotype result this patient is predicted to be an intermediate metabolizer of CYP2D6 substrates. This patient may be at risk for an adverse or poor response to medications that are metabolized by CYP2D6. To avoid an untoward drug response, dose adjustments may be necessary for medications metabolized by CYP2D6. Please consult a clinical pharmacist for more information about how CYP2D6 metabolic status influences drug selection and dosing.",3,"{'Latino': 0.2278144, 'American': 0.21015647, 'European': 0.28533316, 'Oceanian': 0.077126324, 'East Asian': 0.07057931, 'Near Eastern': 0.14959782, 'Central/South Asian': 0.17827679, 'Sub-Saharan African': 0.1585078, 'African American/Afro-Caribbean': 0.2080644}"
4067628,CYP2D6,Intermediate Metabolizer,0.75,Abnormal/Priority/High Risk,"This result signifies that this patient has has three copies of *41 (*41x3) and one copy of a no function allele (*_) OR [1 copy of a decreased function allele with an activity value of 0.25 (*_)] and [1 copy of a decreased function allele with an activity value of 0.5 (*_)] or [2 copies of a decreased function allele with an activity value of 0.25 (*_x2)] . Based on the genotype result this patient is predicted to be an intermediate metabolizer of CYP2D6 substrates. This patient may be at risk for an adverse or poor response to medications that are metabolized by CYP2D6. To avoid an untoward drug response, dose adjustments may be necessary for medications metabolized by CYP2D6. Please consult a clinical pharmacist for more information about how CYP2D6 metabolic status influences drug selection and dosing.",3,"{'Latino': 0.0074723335, 'American': 0.0008561679, 'European': 0.0025628314, 'Oceanian': 0.00018655165, 'East Asian': 0.019955987, 'Near Eastern': 0.02042247, 'Central/South Asian': 0.0010252715, 'Sub-Saharan African': 0.05788106, 'African American/Afro-Caribbean': 0.041067164}"
4163316,UGT1A1,Indeterminate,n/a,none,"This result signifies that the patient has an allele combination with uncertain and/or unknown function alleles. The expected phenotype for this patient cannot be determined currently based on the UGT1A1 diplotype result. UGT1A1*80 is in very high linkage disequilibrium with *28 and *37. In the rare event that *80 is detected but *28 and *37 are not, there are not enough clinical data to predict metabolizer status with certainty. However, if only *80 is interrogated and the patient is heterozygous or homozygous for *80, an intermediate or poor metabolizer phenotype may be inferred, respectively. Please consult a clinical pharmacist for more specific information about how UGT1A1 function influences drug dosing.",2,
4062769,CYP2B6,Ultrarapid Metabolizer,n/a,Normal/Routine/Low Risk,This result signifies that the patient has two copies of increased function alleles. Based on the genotype result this patient is predicted to be an ultrarapid metabolizer of CYP2B6 substrates. There is no reason to selectively adjust the dose of most medications that are metabolized by CYP2B6. Please consult a clinical pharmacist for more information about how CYP2B6 metabolic status influences drug selection and dosing.,3,"{'Latino': 0.011284955, 'European': 0.0030108297, 'Oceanian': 0.0, 'East Asian': 0.007088209, 'Near Eastern': 0.010816, 'Central/South Asian': 0.009801, 'Sub-Saharan African': 0.000961, 'African American/Afro-Caribbean': 0.0004536461}"
4062788,CYP2B6,Normal Metabolizer,n/a,Normal/Routine/Low Risk,This result signifies that the patient has two copies of normal function alleles. Based on the genotype result this patient is predicted to be an normal metabolizer of CYP2B6 substrates. There is no reason to selectively adjust the dose of most medications that are metabolized by CYP2B6. Please consult a clinical pharmacist for more information about how CYP2B6 metabolic status influences drug selection and dosing.,3,"{'Latino': 0.33582056, 'European': 0.42950228, 'Oceanian': 0.12960002, 'East Asian': 0.48562673, 'Near Eastern': 0.29052103, 'Central/South Asian': 0.42183065, 'Sub-Saharan African': 0.14307445, 'African American/Afro-Caribbean': 0.333572}"
4062811,CYP2B6,Intermediate Metabolizer,n/a,Abnormal/Priority/High Risk,"This result signifies that the patient has one copy of a normal function allele and one copy of a no function allele OR one copy of a normal function allele and one copy of a decreased function allele OR one copy of an increased function allele and one copy of a no function allele OR one copy of an increased function allele and one copy of a decreased function allele. Based on the genotype result this patient is predicted to be an intermediate metabolizer of CYP2B6 substrates. This patient may be at risk for an adverse or poor response to medications that are metabolized by CYP2B6. To avoid an untoward drug response, dose adjustments or alternative therapeutic agents may be necessary for medications metabolized by CYP2B6. Please consult a clinical pharmacist for more information about how CYP2B6 metabolic status influences drug selection and dosing.",3,"{'Latino': 0.42165288, 'European': 0.38715258, 'Oceanian': 0.46080005, 'East Asian': 0.32628936, 'Near Eastern': 0.459102, 'Central/South Asian': 0.36526063, 'Sub-Saharan African': 0.39824772, 'African American/Afro-Caribbean': 0.474795}"
4063499,CYP2C19,Ultrarapid Metabolizer,n/a,Abnormal/Priority/High Risk,"This result signifies that the patient has two copies of an increased function allele. Based on the genotype result this patient is predicted to be an ultrarapid metabolizer of CYP2C19 substrates. This patient may be at risk for an adverse or poor response to medications that are metabolized by CYP2C19. To avoid an untoward drug response, dose adjustments or alternative therapeutic agents may be necessary for medications metabolized by CYP2C19. Please consult a clinical pharmacist for more information about how CYP2C19 metabolic status influences drug selection and dosing.",3,"{'Latino': 0.02774172, 'American': 0.0074097984, 'European': 0.04641379, 'Oceanian': 0.003249, 'East Asian': 0.00042194634, 'Near Eastern': 0.036642652, 'Central/South Asian': 0.029163336, 'Sub-Saharan African': 0.030045323, 'African American/Afro-Caribbean': 0.042943195}"
4063614,CYP2C19,Intermediate Metabolizer,n/a,Abnormal/Priority/High Risk,"This result signifies that the patient has one copy of a normal function allele and one copy of a no function allele OR one copy of an increased function and one copy of a no function allele. Based on the genotype result this patient is predicted to be an intermediate metabolizer of CYP2C19 substrates. This patient may be at risk for an adverse or poor response to medications that are metabolized by CYP2C19. To avoid an untoward drug response, dose adjustments or alternative therapeutic agents may be necessary for medications metabolized by CYP2C19. Please consult a clinical pharmacist for more information about how CYP2C19 metabolic status influences drug selection and dosing.",3,"{'Latino': 0.19035932, 'American': 0.21383229, 'European': 0.26108757, 'Oceanian': 0.36902928, 'East Asian': 0.45928204, 'Near Eastern': 0.2354828, 'Central/South Asian': 0.40806636, 'Sub-Saharan African': 0.29945874, 'African American/Afro-Caribbean': 0.31398684}"
4063541,CYP2C19,Likely Intermediate Metabolizer,n/a,Abnormal/Priority/High Risk,"This result signifies that the patient has one copy of a normal function allele and one copy of a decreased function allele OR one copy of an increased function allele and one copy of a decreased function allele OR two copies of a decreased function allele. Based on the genotype result this patient MAY be an intermediate metabolizer of CYP2C19 substrates. This patient may be at risk for an adverse or poor response to medications that are metabolized by CYP2C19. To avoid an untoward drug response, dose adjustments or alternative therapeutic agents may be necessary for medications metabolized by CYP2C19. Please consult a clinical pharmacist for more information about how CYP2C19 metabolic status influences drug selection and dosing.",3,"{'Latino': 0.003709162, 'American': 0.0, 'European': 0.0011160374, 'Oceanian': 0.0, 'East Asian': 0.00076989824, 'Near Eastern': 0.0, 'Central/South Asian': 0.0, 'Sub-Saharan African': 0.042863965, 'African American/Afro-Caribbean': 0.027788177}"
