pairid,genesymbol,drugid,guidelineid,usedforrecommendation,version,cpiclevel,pgkbcalevel,pgxtesting,citations,removed,removeddate,removedreason
110089,CYP2C9,RxNorm:140587,110058.0,True,57,A,1A,Actionable PGx,['32189324'],False,,
110090,CYP2C19,RxNorm:2556,100413.0,True,57,A,1A,Actionable PGx,"['25974703', '37032427']",False,,
110091,CYP2C19,RxNorm:32968,100411.0,True,58,A,1A,Actionable PGx,"['21716271', '23698643', '35034351']",False,,
110094,RYR1,RxNorm:27340,100427.0,True,57,A,1A,Actionable PGx,['30499100'],False,,
110096,CACNA1S,RxNorm:3920,100427.0,True,57,A,1A,Actionable PGx,['30499100'],False,,
110097,RYR1,RxNorm:3920,100427.0,True,57,A,1A,Actionable PGx,['30499100'],False,,
110098,CYP2C19,RxNorm:321988,100413.0,True,57,A,1A,Actionable PGx,"['25974703', '37032427']",False,,
110100,CYP2C9,RxNorm:4502,110058.0,True,57,A,1A,Actionable PGx,['32189324'],False,,
110101,CYP2C9,RxNorm:72236,100412.0,True,58,A,,Actionable PGx,"['25099164', '32779747']",False,,
110102,HLA-B,RxNorm:72236,100412.0,True,57,A,,Actionable PGx,"['25099164', '32779747']",False,,
110103,CACNA1S,RxNorm:5095,100427.0,True,57,A,1A,,['30499100'],False,,
110104,RYR1,RxNorm:5095,100427.0,True,57,A,1A,,['30499100'],False,,
110063,CYP2C9,RxNorm:5640,110058.0,True,60,A,1A,,['32189324'],False,,
110106,UGT1A1,RxNorm:51499,,False,69,A,1A,Testing Recommended,,False,,
110107,CACNA1S,RxNorm:6026,100427.0,True,57,A,1A,Actionable PGx,['30499100'],False,,
110108,RYR1,RxNorm:6026,100427.0,True,57,A,1A,Actionable PGx,['30499100'],False,,
110159,MT-RNR1,RxNorm:6099,826283.0,True,61,A,1A,,['34032273'],False,,
110110,CYP2C19,RxNorm:17128,110076.0,True,66,A,1A,,['32770672'],False,,
110065,CYP2C9,RxNorm:20890,110058.0,True,59,A,1A,,['32189324'],False,,
110067,CYP2C9,RxNorm:41493,110058.0,True,60,A,1A,Actionable PGx,['32189324'],False,,
110115,CACNA1S,RxNorm:6857,100427.0,True,56,A,1A,,['30499100'],False,,
110116,RYR1,RxNorm:6857,100427.0,True,56,A,1A,,['30499100'],False,,
110117,CYP2D6,RxNorm:7531,100414.0,True,56,A,1A,Actionable PGx,"['23486447', '27997040']",False,,
110118,CYP2C19,RxNorm:7646,110076.0,True,56,A,1A,Actionable PGx,['32770672'],False,,
110119,CYP2D6,RxNorm:26225,100417.0,True,56,A,1A,Informative PGx,['28002639'],False,,
110120,HLA-B,RxNorm:32624,100423.0,True,58,A,1A,Testing Recommended,['29392710'],False,,
110121,CYP2C19,RxNorm:40790,110076.0,True,56,A,1A,Actionable PGx,['32770672'],False,,
110122,CYP2D6,RxNorm:32937,100413.0,True,66,A,1A,,"['25974703', '37032427']",False,,
110123,IFNL3,RxNorm:120608,100424.0,True,56,A,1A,,['24096968'],False,,
110124,IFNL4,RxNorm:120608,100424.0,False,56,A,1A,,,False,,
110125,IFNL3,RxNorm:253453,100424.0,True,56,A,1A,Actionable PGx,['24096968'],False,,
110126,IFNL4,RxNorm:253453,100424.0,False,56,A,1A,,,False,,
110071,CYP2C9,RxNorm:8356,110058.0,True,60,A,1A,Actionable PGx,['32189324'],False,,
110130,CYP2D6,RxNorm:2197878,,False,56,A,,Actionable PGx,,False,,
110133,CACNA1S,RxNorm:36453,100427.0,True,56,A,1A,Actionable PGx,['30499100'],False,,
110137,CACNA1S,RxNorm:10154,100427.0,True,56,A,1A,Actionable PGx,['30499100'],False,,
110141,CYP2D6,RxNorm:10324,100415.0,True,56,A,1A,Actionable PGx,['29385237'],False,,
110072,CYP2C9,RxNorm:37790,110058.0,True,58,A,1A,,['32189324'],False,,
110145,CYP2D6,RxNorm:10689,100416.0,True,57,A,1A,Actionable PGx,['33387367'],False,,
110146,CYP2D6,RxNorm:27392,100417.0,True,56,A,1A,,['28002639'],False,,
110160,CYP2D6,RxNorm:2392230,,False,56,A/B,,Actionable PGx,,False,,
110193,CYP2D6,RxNorm:5489,100416.0,True,57,B,1A,,['33387367'],False,,
110209,CYP4F2,RxNorm:8150,,False,57,B,3,,,False,,
110210,SCN1A,RxNorm:8183,,False,56,B,3,,,False,,
110225,ABL2,RxNorm:11118,,False,56,B,,,,False,,
110227,ASS1,RxNorm:11118,,False,56,B,,,,False,,
110167,CYP2D6,RxNorm:39786,100413.0,True,57,B,1A,Actionable PGx,['37032427'],False,,
110237,ADRB1,RxNorm:1202,,False,57,B/C,,,,False,,
110240,CYP2D6,RxNorm:1658314,,False,56,B/C,,Actionable PGx,,False,,
110241,ADRB1,Drugbank:DB12752,,False,58,B/C,3,,,False,,
110275,ADRB1,RxNorm:6918,,False,56,B/C,3,,,False,,
110280,BCHE,RxNorm:30077,,False,84,B/C,,Actionable PGx,,False,,
110292,BCHE,RxNorm:10154,,False,56,B/C,3,Actionable PGx,,False,,
110062,CYP2C9,RxNorm:16689,110058.0,False,58,C,,,['32189324'],False,,
110060,CYP2C9,RxNorm:1191,110058.0,False,58,C,,,['32189324'],False,,
110059,CYP2C8,RxNorm:3355,110058.0,False,58,C,3,,['32189324'],False,,
110061,CYP2C8,RxNorm:5640,110058.0,False,59,C,3,,['32189324'],False,,
110064,CYP2C9,RxNorm:5781,110058.0,False,58,C,3,,['32189324'],False,,
110066,CYP2C9,ATC:M01AH06,110058.0,False,57,C,,,['32189324'],False,,
110068,CYP2C9,RxNorm:3523,,False,57,C,,,,True,2020-09-14,Cleanup by Kelly Caudle
110069,CYP2C9,RxNorm:31448,110058.0,False,57,C,,,['32189324'],False,,
110070,CYP2C9,RxNorm:7258,110058.0,False,58,C,3,,['32189324'],False,,
2777620,CYP3A4,RxNorm:42463,100426.0,False,21,C,,,,False,,
110212,G6PD,RxNorm:8698,2405438.0,False,56,C,,Actionable PGx,['36049896'],False,,
110081,CYP2D6,RxNorm:704,100414.0,True,57,A,1A,Actionable PGx,"['23486447', '27997040']",False,,
110082,UGT1A1,RxNorm:343047,100429.0,True,57,A,1A,,['26417955'],False,,
110083,CYP2D6,RxNorm:38400,104243.0,True,57,A,1A,Actionable PGx,['30801677'],False,,
110150,VKORC1,RxNorm:11289,100425.0,True,56,A,1A,Actionable PGx,"['21900891', '28198005']",False,,
110152,MT-RNR1,ATC:J01G,,False,56,A/B,1B,,,True,2020-09-14,Cleanup by Kelly Caudle
110158,NAT2,RxNorm:5470,,False,57,A/B,3,,,False,,
110169,CYP2C9,RxNorm:154,,False,56,B,1B,,,False,,
110170,CYP4F2,RxNorm:154,,False,57,B,2A,,,False,,
110172,UGT1A1,RxNorm:1543543,,False,56,B,,Actionable PGx,,False,,
110173,CYP2C19,RxNorm:1739745,,False,57,B,3,Actionable PGx,,False,,
110174,SCN1A,RxNorm:2002,,False,56,B,2B,,,False,,
110180,CYP2C19,RxNorm:2597,100414.0,True,56,B,1A,,"['23486447', '27997040']",False,,
110181,CYP2D6,RxNorm:2597,100414.0,True,56,B,1A,Actionable PGx,"['23486447', '27997040']",False,,
110183,CYP2D6,RxNorm:3247,100414.0,True,56,B,1A,Actionable PGx,"['23486447', '27997040']",False,,
110184,CYP2C19,RxNorm:816346,110076.0,True,56,B,1A,Actionable PGx,['32770672'],False,,
110187,CYP2D6,RxNorm:3638,100414.0,True,56,B,1A,Actionable PGx,"['23486447', '27997040']",False,,
110198,G6PD,RxNorm:6694,,False,56,B,3,,,True,2020-09-14,Cleanup by Kelly Caudle
110200,CYP2B6,RxNorm:6813,,False,57,B,2A,,,False,,
110203,HPRT1,RxNorm:7145,,False,72,B,,Actionable PGx,,False,,
110226,ASL,RxNorm:11118,,False,56,B,,,,False,,
110228,CPS1,RxNorm:11118,,False,56,B,,,,False,,
110229,NAGS,RxNorm:11118,,False,56,B,,,,False,,
110230,OTC,RxNorm:11118,,False,56,B,,Actionable PGx,,False,,
110231,HLA-A,RxNorm:519,,False,56,B/C,2B,,,False,,
110232,NAT2,RxNorm:2106338,,False,56,B/C,,Actionable PGx,,False,,
110233,NAT2,RxNorm:2106337,,False,56,B/C,,Actionable PGx,,False,,
110234,CYP2D6,RxNorm:722,,False,56,B/C,,Actionable PGx,,False,,
110235,CYP2D6,RxNorm:725,,False,56,B/C,,Informative PGx,,False,,
110236,CYP2D6,RxNorm:1673265,,False,56,B/C,,Actionable PGx,,False,,
110238,GRK5,RxNorm:1202,,False,56,B/C,,,,False,,
110239,CYP2C9,RxNorm:2045726,,False,66,B/C,,,,False,,
110242,CYP2C19,RxNorm:2101,,False,57,B/C,4,Actionable PGx,,False,,
110244,CYP2D6,RxNorm:20352,,False,56,B/C,3,Actionable PGx,,False,,
110245,GRK5,RxNorm:20352,,False,56,B/C,,,,False,,
110246,CYP2D6,RxNorm:44281,,False,56,B/C,,Actionable PGx,,False,,
110248,CYP2C19,RxNorm:21241,,False,57,B/C,3,Actionable PGx,,False,,
110249,CYP2D6,RxNorm:2626,,False,56,B/C,,Actionable PGx,,False,,
110251,SLC28A3,RxNorm:3109,,False,56,B/C,,,,False,,
110252,CYP2D6,RxNorm:1876905,,False,56,B/C,,Actionable PGx,,False,,
110253,CYP2D6,RxNorm:3289,,False,56,B/C,3,,,False,,
110254,CYP2C19,RxNorm:3322,,False,56,B/C,3,Actionable PGx,,False,,
110255,UGT1A1,RxNorm:1433868,,False,56,B/C,,Actionable PGx,,False,,
110256,CYP2D6,RxNorm:135447,,False,56,B/C,3,Actionable PGx,,False,,
110258,CYP2C9,RxNorm:224925,,False,56,B/C,,Actionable PGx,,False,,
110260,CYP2C9,RxNorm:2123125,,False,56,B/C,,Actionable PGx,,False,,
110263,CYP2D6,RxNorm:328134,,False,56,B/C,3,Actionable PGx,,False,,
110264,CYP2D6,RxNorm:5093,,False,57,B/C,1A,,,False,,
110269,CYP2C9,RxNorm:1731031,,False,56,B/C,,Actionable PGx,,False,,
110274,CYP2D6,RxNorm:6915,,False,56,B/C,,Actionable PGx,,False,,
110281,CYP2D6,RxNorm:31555,,False,56,B/C,,Informative PGx,,False,,
110282,CYP2B6,RxNorm:53654,,False,57,B/C,2A,,,False,,
110286,CYP2D6,RxNorm:8076,,False,56,B/C,,Actionable PGx,,False,,
110287,NAT2,RxNorm:8700,,False,66,B/C,,Actionable PGx,,False,,
110299,CYP2D6,RxNorm:114176,,False,57,B/C,1A,,,False,,
110305,MC4R,ATC:N05A,,False,56,C,2B,,,True,2020-09-14,Cleanup by Kelly Caudle
110309,CFTR,MeSH:C515878,,False,57,C,3,,,False,,
2777623,CYP3A4,RxNorm:83367,100426.0,False,36,C,3,,,False,,
110177,G6PD,RxNorm:2348,2405438.0,True,56,C,3,,['36049896'],False,,
110178,G6PD,RxNorm:2404,2405438.0,False,56,C,,Actionable PGx,['36049896'],False,,
110179,G6PD,RxNorm:2551,2405438.0,True,57,C,3,,['36049896'],False,,
110315,COMT,RxNorm:2556,,False,56,C,,,,False,,
110247,SLC6A4,RxNorm:2556,100413.0,False,58,C,4,,['37032427'],False,,
110185,G6PD,RxNorm:3445,2405438.0,True,56,C,3,,['36049896'],False,,
110331,COMT,RxNorm:321988,,False,55,C,,,,False,,
110339,CYP2C9,RxNorm:1665509,,False,55,C,,Actionable PGx,,False,,
110191,G6PD,RxNorm:25789,2405438.0,False,56,C,,Actionable PGx,,False,,
110192,G6PD,RxNorm:4821,2405438.0,False,56,C,,Actionable PGx,['36049896'],False,,
110190,G6PD,RxNorm:4815,2405438.0,True,56,C,3,Actionable PGx,['36049896'],False,,
110265,G6PD,RxNorm:5521,2405438.0,True,56,C,,Actionable PGx,['36049896'],False,,
110197,G6PD,RxNorm:6572,2405438.0,True,56,C,,Actionable PGx,['36049896'],False,,
110199,G6PD,RxNorm:52582,2405438.0,False,56,C,,,['36049896'],False,,
110202,G6PD,RxNorm:139462,2405438.0,False,56,C,,,['36049896'],False,,
110204,G6PD,RxNorm:7240,2405438.0,True,56,C,,Actionable PGx,['36049896'],False,,
110206,G6PD,RxNorm:7517,2405438.0,True,56,C,,Actionable PGx,['36049896'],False,,
110385,CYP2D6,RxNorm:9071,,False,55,C,,Actionable PGx,,False,,
2777622,CYP3A4,RxNorm:301542,100426.0,False,21,C,,,,False,,
110392,COMT,ATC:N06AB,,False,55,C,3,,,True,2020-09-14,Cleanup by Kelly Caudle
2777621,CYP3A4,RxNorm:36567,100426.0,False,36,C,3,,,False,,
110400,CYP2D6,RxNorm:69120,,False,55,C,,Informative PGx,,True,2020-09-14,Cleanup by Kelly Caudle
110413,ABCB1,RxNorm:7052,,False,55,C/D,3,,,True,2020-09-14,Cleanup by Kelly Caudle
110168,CYP2D6,RxNorm:1455099,100413.0,True,57,A,1A,Actionable PGx,['37032427'],False,,
110149,CYP4F2,RxNorm:11289,100425.0,True,56,A,1A,,"['21900891', '28198005']",False,,
110266,CYP2D6,RxNorm:73178,,False,56,B/C,3,Actionable PGx,,False,,
110267,CYP2D6,RxNorm:6185,,False,56,B/C,,,,False,,
110268,HLA-DRB1,RxNorm:480167,,False,56,B/C,3,Actionable PGx,,False,,
110270,G6PD,RxNorm:6387,,False,56,B/C,,,,False,,
110271,MTHFR,RxNorm:1025342,,False,56,B/C,3,,,False,,
110273,CYP2D6,RxNorm:6676,,False,56,B/C,,Actionable PGx,,False,,
110277,GRK5,RxNorm:6918,,False,56,B/C,,,,False,,
110278,CYP2D6,RxNorm:1300786,,False,56,B/C,,Actionable PGx,,False,,
110279,CYP2D6,RxNorm:15996,,False,57,B/C,2A,,,False,,
110283,UGT1A1,RxNorm:662281,,False,56,B/C,3,Actionable PGx,,False,,
110284,HLA-B,RxNorm:714438,,False,56,B/C,,Actionable PGx,,False,,
110285,UGT1A1,RxNorm:714438,,False,56,B/C,3,Actionable PGx,,False,,
110289,CYP2D6,RxNorm:8787,,False,56,B/C,4,Informative PGx,,False,,
110290,CYP2D6,RxNorm:8886,,False,56,B/C,,Actionable PGx,,False,,
110294,NAT2,RxNorm:9524,,False,56,B/C,,Actionable PGx,,False,,
110296,CYP2D6,RxNorm:10502,,False,56,B/C,3,Actionable PGx,,False,,
110297,CYP2D6,RxNorm:10600,,False,56,B/C,3,,,False,,
110298,CYP2D6,RxNorm:1918219,,False,56,B/C,,Actionable PGx,,False,,
110301,TNF,RxNorm:327361,,False,56,C,,,,False,,
110302,OPRM1,RxNorm:480,100416.0,False,58,C,3,,['33387367'],False,,
110303,HLA-C,RxNorm:519,,False,56,C,2B,,,False,,
110304,MC4R,RxNorm:46303,,False,58,C,3,,,False,,
110306,MC4R,RxNorm:89013,,False,58,C,3,,,False,,
110308,HLA-DPB1,RxNorm:1191,,False,56,C,2B,,,False,,
110311,MTHFR,RxNorm:194000,,False,56,C,3,,,True,2020-09-14,Cleanup by Kelly Caudle
110312,HLA-B,RxNorm:2020,,False,57,C,3,,,False,,
110313,MTHFR,RxNorm:40048,,False,56,C,3,,,False,,
110316,GRIK4,RxNorm:2556,,False,56,C,,,,False,,
110318,CES1,RxNorm:32968,,False,56,C,2B,,,False,,
110319,HTR2C,RxNorm:2626,,False,55,C,3,,,False,,
110320,MC4R,RxNorm:2626,,False,56,C,3,,,False,,
110321,MTHFR,RxNorm:3002,,False,55,C,,,,True,2020-09-14,Cleanup by Kelly Caudle
110322,CYP3A5,RxNorm:3008,,False,56,C,3,,,False,,
110323,HLA-B,RxNorm:3108,,False,55,C,2A,,,False,,
110324,CYP2D6,RxNorm:136198,,False,55,C,,Actionable PGx,,False,,
110328,CYP2D6,RxNorm:68091,,False,56,C,4,,,False,,
110330,F5,RxNorm:711942,,False,55,C,,Actionable PGx,,False,,
110332,GRIK4,RxNorm:321988,,False,55,C,,,,False,,
110334,TNF,RxNorm:214555,,False,55,C,2B,,,False,,
110335,ABCB1,RxNorm:4337,,False,56,C,3,,,False,,
418189,COMT,RxNorm:4337,100416.0,False,46,C,3,,['33387367'],False,,
110336,OPRM1,RxNorm:4337,100416.0,False,57,C,3,,['33387367'],False,,
110337,CYP2D6,RxNorm:797195,,False,55,C,,Actionable PGx,,False,,
110338,CYP2C19,RxNorm:1665509,,False,55,C,,Actionable PGx,,False,,
110340,CYP2D6,RxNorm:1665509,,False,55,C,,Actionable PGx,,False,,
110341,MTHFR,RxNorm:4492,,False,55,C,3,,,True,2020-09-14,Cleanup by Kelly Caudle
110343,GRIK4,RxNorm:4493,,False,55,C,,,,False,,
2777624,CYP3A4,RxNorm:41127,100426.0,False,36,C,3,,,False,,
110344,CYP2D6,RxNorm:4637,,False,55,C,3,Informative PGx,,False,,
2777625,CYP3A4,RxNorm:6472,100426.0,False,21,C,,,,False,,
110356,HLA-B,RxNorm:6826,,False,55,C,2A,,,False,,
110358,HLA-B,RxNorm:6835,,False,56,C,3,,,False,,
110359,ABCB1,RxNorm:6851,,False,56,C,3,,,False,,
110362,CYP2D6,RxNorm:6901,,False,56,C,3,,,False,,
110367,OPRM1,RxNorm:7243,100416.0,False,58,C,4,,['33387367'],False,,
110369,ABCB1,RxNorm:53654,,False,56,C,3,,,False,,
110372,CYP2D6,RxNorm:61381,,False,55,C,3,,,True,2020-09-14,Cleanup by Kelly Caudle
110373,HTR2C,RxNorm:61381,,False,55,C,3,,,False,,
110379,CYP2D6,RxNorm:70561,,False,55,C,,Informative PGx,,False,,
110384,CYP2D6,RxNorm:9068,,False,65,C,,,,False,,
110394,GRIK4,RxNorm:36437,,False,55,C,,,,False,,
110395,ABCB1,RxNorm:36567,,False,55,C,3,,,False,,
110396,CYP3A5,RxNorm:35302,,False,56,C,3,,,False,,
110218,G6PD,RxNorm:10169,2405438.0,False,56,C,,,['36049896'],False,,
110219,G6PD,RxNorm:10171,2405438.0,True,56,C,,Actionable PGx,['36049896'],False,,
110220,G6PD,RxNorm:10831,2405438.0,True,57,C,4,Actionable PGx,['36049896'],False,,
110221,G6PD,RxNorm:9524,2405438.0,True,57,C,3,Actionable PGx,['36049896'],False,,
110222,G6PD,RxNorm:10207,2405438.0,True,56,C,,,['36049896'],False,,
110399,CYP2D6,RxNorm:37801,,False,65,C,,,,False,,
110401,CYP2D6,RxNorm:119565,,False,56,C,3,Actionable PGx,,False,,
110407,COMT,RxNorm:2555,,False,55,C/D,3,,,True,2020-09-14,Cleanup by Kelly Caudle
110409,OPRM1,RxNorm:448,,False,55,C/D,3,,,True,2020-09-14,Cleanup by Kelly Caudle
110410,ITPA,RxNorm:5880,,False,56,C/D,3,,,False,,
110415,COMT,RxNorm:7407,,False,56,C/D,3,,,False,,
110425,CBR3,ATC:L01DB,,False,55,D,2B,,,True,2020-09-14,Cleanup by Kelly Caudle
110436,APOE,RxNorm:83367,,False,55,D,2B,,,False,,
110437,CETP,RxNorm:83367,,False,56,D,4,,,False,,
110438,COQ2,RxNorm:83367,,False,55,D,3,,,False,,
110443,CRHR1,RxNorm:19831,,False,55,D,,,,False,,
110450,CETP,RxNorm:596723,,False,55,D,,,,False,,
110466,CBR3,RxNorm:3109,,False,55,D,,,,False,,
110472,CBR3,RxNorm:3995,,False,55,D,3,,,False,,
110483,CRHR1,RxNorm:50121,,False,55,D,,,,False,,
110485,CETP,RxNorm:41127,,False,55,D,3,,,False,,
110496,CBR3,RxNorm:5650,,False,55,D,,,,False,,
110498,C8orf34,RxNorm:51499,,False,55,D,3,,,False,,
110506,ATIC,RxNorm:6851,,False,55,D,2B,,,False,,
110257,SLC28A3,RxNorm:3639,,False,56,B/C,,,,False,,
110259,SLCO1B1,RxNorm:2049846,,False,56,B/C,,Actionable PGx,,False,,
110272,CYP2D6,RxNorm:28863,,False,56,B/C,,Actionable PGx,,False,,
110326,CYP2C9,RxNorm:3355,110058.0,False,55,C,3,,['32189324'],False,,
3122081,CYP2C19,RxNorm:72625,100413.0,False,15,C,,,['37032427'],False,,
110333,CYP2C19,RxNorm:283742,110076.0,False,55,C,3,Actionable PGx,['32770672'],False,,
3122091,CYP2C19,RxNorm:4493,100413.0,False,15,C,,,['37032427'],False,,
2777631,CYP3A5,RxNorm:41127,100426.0,False,21,C,,,,False,,
3122092,CYP2C19,RxNorm:42355,100413.0,False,15,C,,,['37032427'],False,,
110345,MC4R,RxNorm:5093,,False,57,C,3,,,False,,
110346,F5,ATC:G03A,,False,56,C,1A,,,False,,
418191,COMT,RxNorm:5489,100416.0,False,45,C,,,['33387367'],False,,
418192,OPRM1,RxNorm:5489,100416.0,False,46,C,3,,['33387367'],False,,
418193,COMT,RxNorm:3423,100416.0,False,45,C,,,['33387367'],False,,
110349,TNF,RxNorm:191831,,False,55,C,3,,,False,,
110350,NAT2,RxNorm:6038,,False,56,C,1B,,,False,,
110351,HLA-DQA1,RxNorm:480167,,False,56,C,3,Actionable PGx,,False,,
110352,MTHFR,RxNorm:6313,,False,55,C,3,,,True,2020-09-14,Cleanup by Kelly Caudle
2777632,CYP3A5,RxNorm:6472,100426.0,False,36,C,3,,,False,,
110355,OPRM1,RxNorm:6813,100416.0,False,57,C,3,,['33387367'],False,,
110357,HLA-C,RxNorm:6826,,False,56,C,2B,,,False,,
110360,MTHFR,RxNorm:6851,,False,55,C,2A,,,False,,
110361,SLCO1B1,RxNorm:6851,,False,56,C,3,,,False,,
110363,CYP2D6,RxNorm:30125,,False,55,C,,Actionable PGx,,False,,
418200,COMT,RxNorm:7052,100416.0,False,47,C,3,,['33387367'],False,,
110366,OPRM1,RxNorm:7242,,False,55,C,3,,,False,,
418202,COMT,RxNorm:7243,100416.0,False,45,C,,,['33387367'],False,,
110370,HLA-B,RxNorm:53654,,False,56,C,3,,,False,,
110371,HLA-DRB1,RxNorm:53654,,False,55,C,2B,,,False,,
110374,MC4R,RxNorm:61381,,False,56,C,3,,,False,,
110376,HLA-A,RxNorm:32624,100423.0,False,56,C,3,,['29392710'],False,,
418205,COMT,RxNorm:7804,100416.0,False,47,C,3,,['33387367'],False,,
110380,GRIK4,RxNorm:32937,,False,55,C,,,,False,,
2777627,CYP3A5,RxNorm:42463,100426.0,False,21,C,,,,False,,
110386,CYP2C19,RxNorm:114979,110076.0,False,55,C,2A,Actionable PGx,['32770672'],False,,
110387,DRD2,RxNorm:35636,,False,55,C,3,,,False,,
110388,HTR2C,RxNorm:35636,,False,55,C,3,,,False,,
110390,CYP2C8,RxNorm:84108,,False,55,C,3,,,False,,
2777629,CYP3A5,RxNorm:301542,100426.0,False,36,C,3,,,False,,
110397,CYP3A4,RxNorm:42316,,False,71,C,2A,,,False,,
110402,OPRM1,RxNorm:10689,100416.0,False,57,C,3,,['33387367'],False,,
110403,TNF,ATC:L04AB,,False,55,C,3,,,True,2020-09-14,Cleanup by Kelly Caudle
110404,GRIK4,RxNorm:39786,,False,55,C,,,,False,,
110406,MC4R,RxNorm:115698,,False,56,C,,,,False,,
110412,CYP3A5,RxNorm:6960,,False,55,C/D,3,,,False,,
110417,UGT2B15,RxNorm:7781,,False,55,C/D,3,,,False,,
110421,ABCB1,RxNorm:10689,,False,55,C/D,3,,,True,2020-09-14,Cleanup by Kelly Caudle
110422,KCNIP4,ATC:C09AA,,False,55,D,3,,,True,2020-09-14,Cleanup by Kelly Caudle
110423,FDPS,RxNorm:46041,,False,55,D,,,,False,,
110427,NQO1,ATC:L01DB,,False,55,D,2A,,,True,2020-09-14,Cleanup by Kelly Caudle
110428,SLC28A3,ATC:L01DB,,False,55,D,3,,,True,2020-09-14,Cleanup by Kelly Caudle
110432,ANKK1,ATC:N05A,,False,55,D,3,,,True,2020-09-14,Cleanup by Kelly Caudle
110433,GP1BA,RxNorm:1191,,False,56,D,3,,,False,,
110434,LTC4S,RxNorm:1191,,False,56,D,3,,,False,,
110435,PTGS1,RxNorm:1191,,False,56,D,3,,,False,,
110439,KIF6,RxNorm:83367,,False,55,D,3,,,False,,
110441,LPA,RxNorm:83367,,False,55,D,,,,False,,
110444,ANKK1,RxNorm:42347,,False,55,D,3,,,True,2020-09-14,Cleanup by Kelly Caudle
110445,ADORA2A,RxNorm:1886,,False,56,D,3,,,False,,
110446,TYMS,RxNorm:194000,,False,55,D,3,,,False,,
110447,ACE,RxNorm:1998,,False,55,D,2A,,,False,,
110453,FCGR3A,RxNorm:318341,,False,55,D,3,,,True,2020-09-14,Cleanup by Kelly Caudle
110456,NQO1,RxNorm:2555,,False,55,D,,,,False,,
110459,XPC,RxNorm:2555,,False,55,D,3,,,False,,
110461,ANKK1,RxNorm:2626,,False,55,D,,,,False,,
110467,HAS3,RxNorm:3109,,False,55,D,,,,False,,
110478,GSTP1,RxNorm:4492,,False,56,D,3,,,False,,
110479,NQO1,RxNorm:4492,,False,57,D,3,,,False,,
110481,UMPS,RxNorm:4492,,False,56,D,3,,,False,,
110482,FKBP5,RxNorm:4493,,False,57,D,3,,,False,,
110484,CRHR1,RxNorm:284635,,False,55,D,,,,False,,
110486,LPA,RxNorm:41127,,False,55,D,,,,False,,
110493,NEDD4L,RxNorm:5487,,False,55,D,3,,,False,,
110495,YEATS4,RxNorm:5487,,False,56,D,3,,,False,,
110504,C11orf65,RxNorm:6809,,False,56,D,4,,,False,,
110507,MTRR,RxNorm:6851,,False,55,D,3,,,False,,
110509,CYB5R2,RxNorm:6915,,False,55,D,,Actionable PGx,,False,,
110510,CYB5R3,RxNorm:6915,,False,55,D,,Actionable PGx,,False,,
110511,CYB5R4,RxNorm:6915,,False,55,D,,Actionable PGx,,False,,
110513,CCHCR1,RxNorm:53654,,False,55,D,3,,,False,,
110515,ANKK1,RxNorm:61381,,False,55,D,3,,,False,,
110525,CETP,RxNorm:42463,,False,55,D,3,,,False,,
110533,ANKK1,RxNorm:35636,,False,55,D,3,,,False,,
110537,ADRB2,RxNorm:435,,False,56,D,3,,,False,,
110539,CRHR2,RxNorm:435,,False,55,D,3,,,False,,
110540,ADRB2,RxNorm:36117,,False,55,D,2A,,,False,,
110548,ABCC4,RxNorm:117466,,False,55,D,3,,,False,,
110549,CRHR1,RxNorm:10759,,False,55,D,,,,False,,
110176,SLCO1B1,RxNorm:596723,,False,56,B,2A,,,True,2020-09-14,Cleanup by Kelly Caudle
469134,CYP2B6,RxNorm:42347,,False,45,B/C,2A,,,False,,
3004618,MT-RNR1,RxNorm:3328,826283.0,True,27,A,1A,,['34032273'],False,,
110099,DPYD,RxNorm:4492,100419.0,True,57,A,1A,Actionable PGx,"['23988873', '29152729']",False,,
1556300,SLCO1B1,RxNorm:6472,100426.0,True,37,A,1A,,['35152405'],False,,
110201,G6PD,RxNorm:6878,2405438.0,True,56,A,3,Actionable PGx,['36049896'],False,,
110205,G6PD,RxNorm:7454,2405438.0,True,56,A,3,Actionable PGx,['36049896'],False,,
1556298,SLCO1B1,RxNorm:861634,100426.0,True,37,A,1A,,['35152405'],False,,
2452949,G6PD,RxNorm:10638,2405438.0,True,28,A,,,['36049896'],False,,
110171,CYP2D6,RxNorm:89013,,False,57,B,1A,Actionable PGx,,False,,
110188,G6PD,RxNorm:4053,,False,56,B,,,,True,2020-09-14,Cleanup by Kelly Caudle
110195,CYP2D6,RxNorm:5691,100414.0,True,56,B,1A,Actionable PGx,"['23486447', '27997040']",False,,
110196,G6PD,RxNorm:82122,,False,56,B,,,,True,2020-09-14,Cleanup by Kelly Caudle
110214,CYP2D6,RxNorm:35636,,False,57,B,1A,Informative PGx,,False,,
110223,CYP2C19,RxNorm:10834,100414.0,True,56,B,1A,,"['23486447', '27997040']",False,,
110243,ADRB1,RxNorm:20352,,False,58,B/C,3,,,False,,
110262,CYP2D6,RxNorm:4441,,False,57,B/C,1A,,,False,,
110288,CYP2D6,RxNorm:8754,,False,68,B/C,1A,Informative PGx,,False,,
110295,CYP2D6,RxNorm:77492,,False,56,B/C,,Actionable PGx,,False,,
3122097,CYP2C19,RxNorm:32937,100413.0,False,15,C,,,['37032427'],False,,
418207,COMT,RxNorm:73032,100416.0,False,47,C,3,,['33387367'],False,,
418209,COMT,RxNorm:56795,100416.0,False,47,C,3,,['33387367'],False,,
3122101,CYP2C19,RxNorm:39786,100413.0,False,15,C,3,,['37032427'],False,,
3122103,CYP2C19,RxNorm:1455099,100413.0,False,15,C,,,['37032427'],False,,
110419,GSTP1,ATC:L01XA,,False,55,C/D,2A,,,True,2020-09-14,Cleanup by Kelly Caudle
110420,ABCB1,RxNorm:357977,,False,55,C/D,3,,,True,2020-09-14,Cleanup by Kelly Caudle
110424,NQO1,ATC:L01A,,False,55,D,2A,,,True,2020-09-14,Cleanup by Kelly Caudle
110426,HAS3,ATC:L01DB,,False,55,D,3,,,True,2020-09-14,Cleanup by Kelly Caudle
110429,FKBP5,ATC:N06A,,False,55,D,2B,,,True,2020-09-14,Cleanup by Kelly Caudle
110430,GRIK4,ATC:N06A,,False,55,D,2B,,,True,2020-09-14,Cleanup by Kelly Caudle
110431,HTR2A,ATC:N06A,,False,55,D,3,,,True,2020-09-14,Cleanup by Kelly Caudle
110442,FDPS,ATC:M05BA,,False,55,D,3,,,True,2020-09-14,Cleanup by Kelly Caudle
110448,EPHX1,RxNorm:2002,,False,56,D,3,,,False,,
110449,FLOT1,RxNorm:2002,,False,55,D,,,,True,2020-09-14,Cleanup by Kelly Caudle
110451,LPA,RxNorm:596723,,False,55,D,,,,False,,
110452,EGF,RxNorm:318341,,False,56,D,3,,,False,,
110454,ERCC1,RxNorm:2555,,False,56,D,3,,,False,,
110455,GSTM1,RxNorm:2555,,False,55,D,3,,,False,,
110457,TMEM43,RxNorm:2555,,False,55,D,,,,True,2020-09-14,Cleanup by Kelly Caudle
110458,TP53,RxNorm:2555,,False,55,D,,,,True,2020-09-14,Cleanup by Kelly Caudle
110460,FKBP5,RxNorm:2556,,False,56,D,3,,,False,,
110462,GSTP1,RxNorm:3002,,False,56,D,3,,,False,,
110463,NQO1,RxNorm:3002,,False,56,D,3,,,False,,
110464,SOD2,RxNorm:3002,,False,55,D,3,,,False,,
110469,HAS3,RxNorm:3639,,False,55,D,,,,False,,
110470,NQO1,RxNorm:3639,,False,55,D,,,,False,,
110471,SERPINC1,RxNorm:711942,,False,55,D,,Actionable PGx,,False,,
110473,GSTP1,RxNorm:3995,,False,57,D,3,,,False,,
110474,HAS3,RxNorm:3995,,False,55,D,,,,False,,
110475,NQO1,RxNorm:3995,,False,56,D,3,,,False,,
110477,DYNC2H1,RxNorm:4179,,False,55,D,3,,,False,,
110480,TYMS,RxNorm:4492,,False,55,D,3,,,False,,
110488,NT5C2,RxNorm:12574,,False,56,D,3,,,False,,
110490,HMGCR,ATC:C10AA,,False,55,D,3,,,True,2020-09-14,Cleanup by Kelly Caudle
110492,NAT1,RxNorm:5470,,False,55,D,,,,True,2020-09-14,Cleanup by Kelly Caudle
110494,PRKCA,RxNorm:5487,,False,56,D,3,,,False,,
110497,HAS3,RxNorm:5650,,False,55,D,,,,False,,
110499,SEMA3C,RxNorm:51499,,False,55,D,3,,,False,,
110500,NAT1,RxNorm:6058,,False,55,D,,,,True,2020-09-14,Cleanup by Kelly Caudle
110501,NAT2,RxNorm:6058,,False,55,D,,,,True,2020-09-14,Cleanup by Kelly Caudle
110502,UGT1A4,RxNorm:28439,,False,56,D,3,,,False,,
110503,PTGFR,RxNorm:43611,,False,56,D,3,,,False,,
110512,FKBP5,RxNorm:15996,,False,57,D,3,,,False,,
110514,CHRNA3,RxNorm:7407,,False,56,D,3,,,False,,
110516,GSTM1,RxNorm:32592,,False,55,D,3,,,False,,
110517,GSTP1,RxNorm:32592,,False,56,D,3,,,False,,
110518,FKBP5,RxNorm:32937,,False,56,D,3,,,False,,
110520,VDR,RxNorm:253453,,False,55,D,3,,,False,,
110523,ERCC1,ATC:L01XA,,False,55,D,2B,,,True,2020-09-14,Cleanup by Kelly Caudle
110526,HMGCR,RxNorm:42463,,False,55,D,3,,,False,,
110527,KIF6,RxNorm:42463,,False,55,D,2B,,,False,,
110530,FDPS,RxNorm:72143,,False,55,D,,,,False,,
110531,VDR,RxNorm:9344,,False,55,D,3,,,False,,
110532,FDPS,RxNorm:73056,,False,55,D,,,,False,,
110534,FCGR3A,RxNorm:121191,,False,56,D,2B,,,False,,
110535,COQ2,RxNorm:301542,,False,55,D,3,,,False,,
110538,COL22A1,RxNorm:435,,False,56,D,3,,,False,,
110541,TXNRD2,ATC:N06AB,,False,55,D,,,,True,2020-09-14,Cleanup by Kelly Caudle
110543,CETP,RxNorm:36567,,False,55,D,3,,,False,,
110551,CALU,RxNorm:11289,,False,55,D,3,,,False,,
110552,GGCX,RxNorm:11289,,False,55,D,3,,,False,,
110553,PROC,RxNorm:11289,,False,55,D,,Actionable PGx,,False,,
110086,DPYD,RxNorm:194000,100419.0,True,84,A,1A,Testing Recommended,"['23988873', '29152729']",False,,
110087,HLA-A,RxNorm:2002,100423.0,True,57,A,1A,Actionable PGx,"['23695185', '29392710']",False,,
110182,G6PD,RxNorm:3108,2405438.0,True,57,A,4,Actionable PGx,['36049896'],False,,
3004620,MT-RNR1,RxNorm:7337,826283.0,True,27,A,1A,,['34032273'],False,,
826284,MT-RNR1,RxNorm:7934,826283.0,True,39,A,,,['34032273'],False,,
110132,IFNL3,RxNorm:9344,100424.0,True,56,A,1A,,['24096968'],True,2020-09-14,Cleanup by Kelly Caudle
3004621,MT-RNR1,RxNorm:NA,826283.0,True,27,A,1A,,['34032273'],False,,
110215,ABCG2,RxNorm:301542,100426.0,True,58,A,1A,,['35152405'],False,,
110391,SLCO1B1,RxNorm:301542,100426.0,True,57,A,1A,Actionable PGx,['35152405'],False,,
110216,CYP2C19,RxNorm:36437,100413.0,True,56,A,1A,,"['25974703', '37032427']",False,,
110143,NUDT15,RxNorm:10485,100428.0,True,58,A,3,Testing Recommended,"['21270794', '23422873', '30447069']",False,,
110164,MT-RNR1,RxNorm:10627,826283.0,True,71,A,1A,Actionable PGx,['34032273'],False,,
110148,CYP2C9,RxNorm:11289,100425.0,True,56,A,1A,Actionable PGx,"['21900891', '28198005']",False,,
110153,ABCB1,ATC:N06A,,False,56,A/B,3,,,True,2020-09-14,Cleanup by Kelly Caudle
3122076,CYP2B6,RxNorm:36437,100413.0,True,17,B,1A,,['37032427'],False,,
110224,CYP2D6,RxNorm:10834,100414.0,True,56,B,1A,Actionable PGx,"['23486447', '27997040']",False,,
110276,CYP2D6,RxNorm:6918,,False,67,B/C,1A,Actionable PGx,,False,,
418183,COMT,RxNorm:480,100416.0,False,45,C,,,['33387367'],False,,
2452901,G6PD,RxNorm:7833,2405438.0,True,28,C,,,['36049896'],False,,
110310,CYP3A5,RxNorm:343047,,False,56,C,3,,,True,2020-09-14,Cleanup by Kelly Caudle
2777630,CYP3A5,RxNorm:83367,100426.0,False,36,C,3,,,False,,
418185,COMT,RxNorm:1819,100416.0,False,46,C,3,,['33387367'],False,,
110314,G6PD,RxNorm:2393,2405438.0,True,57,C,4,Actionable PGx,['36049896'],False,,
3122142,CYP2D6,RxNorm:2556,100413.0,False,15,C,3,Informative PGx,['37032427'],False,,
110317,HTR2A,RxNorm:2556,100413.0,False,57,C,3,,['37032427'],False,,
418188,OPRM1,RxNorm:2670,100416.0,False,46,C,3,,['33387367'],False,,
110250,G6PD,RxNorm:1424911,2405438.0,False,56,C,,Actionable PGx,['36049896'],False,,
3122371,HTR2A,RxNorm:734064,100413.0,False,15,C,,,['37032427'],False,,
3122500,SLC6A4,RxNorm:734064,100413.0,False,15,C,,,['37032427'],False,,
110327,ABCB1,RxNorm:3407,,False,55,C,3,,,False,,
2452910,G6PD,RxNorm:3639,2405438.0,True,28,C,,,['36049896'],False,,
110329,CYP2D6,RxNorm:72625,100413.0,False,55,C,,Actionable PGx,['37032427'],False,,
3122155,CYP2D6,RxNorm:321988,100413.0,False,16,C,3,,['37032427'],False,,
2777771,HMGCR,RxNorm:41127,100426.0,False,36,C,3,,,False,,
2452912,G6PD,RxNorm:4601,2405438.0,True,28,C,,,['36049896'],False,,
2452913,G6PD,RxNorm:4816,2405438.0,False,28,C,,,['36049896'],False,,
418194,OPRM1,RxNorm:3423,100416.0,False,45,C,,,['33387367'],False,,
2777772,HMGCR,RxNorm:6472,100426.0,False,36,C,3,,,False,,
2452922,G6PD,RxNorm:9061,2405438.0,False,28,C,,,['36049896'],False,,
418197,CYP2D6,RxNorm:6813,100416.0,False,46,C,3,,['33387367'],False,,
2452927,G6PD,RxNorm:31748,2405438.0,False,28,C,,,['36049896'],False,,
2452928,G6PD,RxNorm:7455,2405438.0,False,28,C,,,['36049896'],False,,
2452931,G6PD,RxNorm:7623,2405438.0,True,28,C,,,['36049896'],False,,
110377,CYP2D6,RxNorm:7804,100416.0,False,57,C,2A,,['33387367'],False,,
110378,MC4R,RxNorm:679314,,False,57,C,3,,,False,,
110208,G6PD,RxNorm:8120,2405438.0,True,56,C,3,,['36049896'],False,,
2946944,CYP3A4,RxNorm:861634,100426.0,False,18,C,,,,False,,
2946952,CYP3A5,RxNorm:861634,100426.0,False,18,C,,,,False,,
2947093,HMGCR,RxNorm:861634,100426.0,False,18,C,,,,False,,
110382,HLA-B,RxNorm:8794,,False,57,C,3,,,False,,
110383,MC4R,RxNorm:51272,,False,57,C,3,,,False,,
110389,MC4R,RxNorm:35636,,False,57,C,3,,,False,,
2777769,HMGCR,RxNorm:301542,100426.0,False,21,C,,,,False,,
110393,CYP2D6,RxNorm:36437,100413.0,False,57,C,3,,['37032427'],False,,
2452941,G6PD,RxNorm:10178,2405438.0,True,28,C,,,['36049896'],False,,
2452943,G6PD,RxNorm:10184,2405438.0,True,28,C,,,['36049896'],False,,
110398,DPYD,RxNorm:4582,100419.0,False,57,C,1A,,"['23988873', '29152729']",False,,
2452950,G6PD,RxNorm:1425099,2405438.0,False,49,C,,,['36049896'],False,,
3122380,HTR2A,RxNorm:39786,100413.0,False,15,C,3,,['37032427'],False,,
2452952,G6PD,RxNorm:11258,2405438.0,True,28,C,,,['36049896'],False,,
110519,HTR1A,RxNorm:32937,,False,56,D,3,,,False,,
110521,XRCC1,RxNorm:1311280,,False,55,D,,,,True,2020-09-14,Cleanup by Kelly Caudle
110524,NQO1,ATC:L01XA,,False,55,D,2A,,,True,2020-09-14,Cleanup by Kelly Caudle
110528,LPA,RxNorm:42463,,False,55,D,,,,False,,
110529,TANC1,MedDRA:10037794,,False,55,D,2B,,,True,2020-09-14,Cleanup by Kelly Caudle
110536,LPA,RxNorm:301542,,False,56,D,3,,,False,,
110542,GNB3,RxNorm:136411,,False,55,D,3,,,False,,
110544,HMGCR,RxNorm:36567,,False,55,D,3,,,False,,
110545,LPA,RxNorm:36567,,False,55,D,,,,False,,
110546,ADD1,RxNorm:9997,,False,56,D,3,,,False,,
110550,FKBP5,RxNorm:39786,,False,56,D,3,,,False,,
110554,PROS1,RxNorm:11289,,False,55,D,,Actionable PGx,,False,,
110093,CACNA1S,RxNorm:27340,100427.0,True,57,A,1A,Actionable PGx,['30499100'],False,,
1556301,SLCO1B1,RxNorm:41127,100426.0,True,37,A,1A,,['35152405'],False,,
110113,NUDT15,RxNorm:103,100428.0,True,60,A,1A,Testing Recommended,"['21270794', '23422873', '30447069']",False,,
110157,MT-RNR1,ATC:D06AX07,826283.0,True,71,A,1A,Actionable PGx,['34032273'],False,,
110109,CFTR,RxNorm:1243041,100409.0,True,59,A,1A,Testing Required,['24598717'],False,,
3004619,MT-RNR1,RxNorm:7299,826283.0,True,28,A,3,,['34032273'],False,,
110207,G6PD,RxNorm:1011650,2405438.0,True,58,A,3,Testing Required,['36049896'],False,,
110127,CYP2C9,RxNorm:8183,100412.0,True,56,A,1A,Actionable PGx,"['25099164', '32779747']",False,,
826285,MT-RNR1,RxNorm:2049549,826283.0,True,49,A,,Actionable PGx,['34032273'],False,,
110381,SLCO1B1,RxNorm:42463,100426.0,True,59,A,1A,,['35152405'],False,,
110211,G6PD,RxNorm:8687,2405438.0,True,58,A,3,Testing Required,['36049896'],False,,
110131,G6PD,RxNorm:283821,2405438.0,True,58,A,1A,Testing Required,"['24787449', '36049896']",False,,
110134,RYR1,RxNorm:36453,100427.0,True,56,A,1A,Actionable PGx,['30499100'],False,,
110135,SLCO1B1,RxNorm:36567,100426.0,True,68,A,1A,,"['22617227', '24918167', '35152405']",False,,
110136,CYP2C9,RxNorm:2121085,,False,59,A,1A,Testing Required,,False,,
110162,MT-RNR1,RxNorm:10109,826283.0,True,71,A,1A,Actionable PGx,['34032273'],False,,
110140,G6PD,RxNorm:2054023,2405438.0,True,58,A,,Testing Required,['36049896'],False,,
110155,POLG,RxNorm:266856,,False,58,A/B,,Testing Required,,False,,
110156,CYP2D6,RxNorm:1547220,,False,58,A/B,,Testing Required,,False,,
110161,CYP2D6,RxNorm:8331,,False,60,A/B,,Testing Required,,False,,
110163,CYP2D6,RxNorm:10390,,False,58,A/B,,Testing Required,,False,,
110165,POLG,RxNorm:11118,,False,58,A/B,3,Testing Required,,False,,
110166,GBA,RxNorm:901805,,False,58,A/B,,Testing Required,,False,,
110175,NAGS,RxNorm:401713,,False,58,B,,Testing Required,,False,,
110293,NAT2,RxNorm:10831,,False,57,B/C,3,Actionable PGx,,False,,
2777770,HMGCR,RxNorm:83367,100426.0,False,36,C,3,,,False,,
418186,OPRM1,RxNorm:1819,100416.0,False,46,C,3,,['33387367'],False,,
3122372,HTR2A,RxNorm:72625,100413.0,False,15,C,,,['37032427'],False,,
3122501,SLC6A4,RxNorm:72625,100413.0,False,15,C,,,['37032427'],False,,
3122373,HTR2A,RxNorm:321988,100413.0,False,15,C,3,,['37032427'],False,,
110261,SLC6A4,RxNorm:321988,100413.0,False,58,C,4,,['37032427'],False,,
110342,CYP2D6,RxNorm:4493,100413.0,False,65,C,3,Actionable PGx,['37032427'],False,,
3122374,HTR2A,RxNorm:4493,100413.0,False,16,C,4,,['37032427'],False,,
3122503,SLC6A4,RxNorm:4493,100413.0,False,15,C,3,,['37032427'],False,,
3122375,HTR2A,RxNorm:42355,100413.0,False,16,C,4,,['37032427'],False,,
3122504,SLC6A4,RxNorm:42355,100413.0,False,15,C,3,,['37032427'],False,,
418195,COMT,RxNorm:236913,100416.0,False,45,C,,,['33387367'],False,,
418196,OPRM1,RxNorm:236913,100416.0,False,45,C,,,['33387367'],False,,
3122376,HTR2A,RxNorm:1433212,100413.0,False,15,C,,,['37032427'],False,,
3122505,SLC6A4,RxNorm:1433212,100413.0,False,15,C,,,['37032427'],False,,
3122377,HTR2A,RxNorm:588250,100413.0,False,15,C,,,['37032427'],False,,
3122506,SLC6A4,RxNorm:588250,100413.0,False,15,C,,,['37032427'],False,,
110364,OPRM1,RxNorm:7052,100416.0,False,57,C,3,,['33387367'],False,,
110375,MTHFR,RxNorm:32592,,False,55,C,3,,,True,2020-09-14,Cleanup by Kelly Caudle
418206,OPRM1,RxNorm:7804,100416.0,False,46,C,3,,['33387367'],False,,
3122378,HTR2A,RxNorm:32937,100413.0,False,15,C,3,,['37032427'],False,,
3122507,SLC6A4,RxNorm:32937,100413.0,False,15,C,3,,['37032427'],False,,
418208,OPRM1,RxNorm:73032,100416.0,False,46,C,3,,['33387367'],False,,
3122379,HTR2A,RxNorm:36437,100413.0,False,17,C,4,,['37032427'],False,,
3122508,SLC6A4,RxNorm:36437,100413.0,False,17,C,4,,['37032427'],False,,
2777628,CYP3A5,RxNorm:36567,100426.0,False,36,C,4,,,False,,
2452947,G6PD,RxNorm:10633,2405438.0,False,59,C,,Actionable PGx,['36049896'],False,,
2452948,G6PD,RxNorm:10635,2405438.0,True,59,C,,Actionable PGx,['36049896'],False,,
3122509,SLC6A4,RxNorm:39786,100413.0,False,16,C,4,,['37032427'],False,,
3122381,HTR2A,RxNorm:1086769,100413.0,False,15,C,,,['37032427'],False,,
3122510,SLC6A4,RxNorm:1086769,100413.0,False,15,C,,,['37032427'],False,,
110405,G6PD,RxNorm:1151,2405438.0,True,55,C,,,['36049896'],False,,
3122382,HTR2A,RxNorm:1455099,100413.0,False,15,C,,,['37032427'],False,,
3122511,SLC6A4,RxNorm:1455099,100413.0,False,15,C,,,['37032427'],False,,
110411,ABCB1,RxNorm:6813,,False,55,C/D,3,,,True,2020-09-14,Cleanup by Kelly Caudle
110414,CYP2A7P1,RxNorm:53654,,False,55,C/D,,,,True,2020-09-14,Cleanup by Kelly Caudle
110416,ABCB1,RxNorm:26225,,False,56,C/D,3,,,False,,
110418,ABCB1,RxNorm:7804,,False,55,C/D,3,,,True,2020-09-14,Cleanup by Kelly Caudle
110440,LDLR,RxNorm:83367,,False,65,D,,,,False,,
1354912,ACYP2,RxNorm:2555,,False,37,D,3,,,False,,
110476,ANKK1,RxNorm:448,,False,55,D,3,,,True,2020-09-14,Cleanup by Kelly Caudle
110487,ADD1,RxNorm:4603,,False,56,D,3,,,False,,
110489,CETP,ATC:C10AA,,False,55,D,3,,,True,2020-09-14,Cleanup by Kelly Caudle
110151,MT-RNR1,RxNorm:641,826283.0,True,71,A,1A,Actionable PGx,['34032273'],False,,
1556299,SLCO1B1,RxNorm:83367,100426.0,True,48,A,1A,,['35152405'],False,,
110088,HLA-B,RxNorm:2002,100423.0,True,59,A,1A,Testing Required,"['23695185', '29392710']",False,,
110189,CYP2D6,RxNorm:42355,100413.0,True,56,B,1A,Actionable PGx,"['25974703', '37032427']",False,,
110194,CYP2C19,RxNorm:5691,100414.0,True,56,B,1A,,"['23486447', '27997040']",False,,
110078,HLA-B,RxNorm:190521,100421.0,True,59,A,1A,Testing Required,"['24561393', '22378157']",False,,
110079,HLA-B,RxNorm:519,100422.0,True,60,A,1A,Testing Recommended,"['23232549', '26094938']",False,,
110080,CYP2C19,RxNorm:704,100414.0,True,57,A,1A,,"['23486447', '27997040']",False,,
110084,NUDT15,RxNorm:1256,100428.0,True,59,A,1A,Testing Recommended,"['21270794', '23422873', '30447069']",False,,
110085,TPMT,RxNorm:1256,100428.0,True,59,A,1A,Testing Recommended,"['21270794', '23422873', '30447069']",False,,
110092,CYP2D6,RxNorm:2670,100416.0,True,57,A,1A,Actionable PGx,"['22205192', '24458010', '33387367']",False,,
110095,CYP2B6,RxNorm:195085,104245.0,True,57,A,1A,Actionable PGx,['31006110'],False,,
1556302,CYP2C9,RxNorm:41127,100426.0,True,37,A,1A,,['35152405'],False,,
110291,UGT1A1,RxNorm:719872,,False,56,B/C,,Informative PGx,,False,,
110154,G6PD,RxNorm:1191,2405438.0,True,57,C,3,,['36049896'],False,,
418187,COMT,RxNorm:2670,100416.0,False,45,C,,,['33387367'],False,,
418198,COMT,RxNorm:6813,100416.0,False,47,C,3,,['33387367'],False,,
110213,G6PD,RxNorm:9071,2405438.0,True,56,C,,Actionable PGx,['36049896'],False,,
110217,G6PD,RxNorm:9894,2405438.0,False,56,C,,Actionable PGx,['36049896'],False,,
418210,OPRM1,RxNorm:56795,100416.0,False,46,C,3,,['33387367'],False,,
418211,COMT,RxNorm:10689,100416.0,False,47,C,3,,['33387367'],False,,
110408,CYP2A7P1,RxNorm:195085,,False,55,C/D,,,,True,2020-09-14,Cleanup by Kelly Caudle
110465,TP53,RxNorm:3002,,False,55,D,3,,,True,2020-09-14,Cleanup by Kelly Caudle
110468,CBR3,RxNorm:3639,,False,55,D,3,,,False,,
110491,LPA,ATC:C10AA,,False,55,D,2B,,,True,2020-09-14,Cleanup by Kelly Caudle
110505,SLC47A2,RxNorm:6809,,False,55,D,3,,,True,2020-09-14,Cleanup by Kelly Caudle
110508,CYB5R1,RxNorm:6915,,False,55,D,,Actionable PGx,,False,,
110522,DYNC2H1,ATC:L01XA,,False,55,D,3,,,True,2020-09-14,Cleanup by Kelly Caudle
110547,TCF7L2,MeSH:D013449,,False,55,D,,,,True,2020-09-14,Cleanup by Kelly Caudle
110114,TPMT,RxNorm:103,100428.0,True,58,A,1A,Testing Recommended,"['21270794', '23422873', '30447069']",False,,
110128,HLA-B,RxNorm:8183,100412.0,True,56,A,1A,Actionable PGx,"['25099164', '32779747']",False,,
110138,RYR1,RxNorm:10154,100427.0,True,56,A,1A,Actionable PGx,['30499100'],False,,
110139,CYP3A5,RxNorm:42316,100418.0,True,69,A,1A,,['25801146'],False,,
110144,TPMT,RxNorm:10485,100428.0,True,58,A,3,Testing Recommended,"['21270794', '23422873', '30447069']",False,,
110147,CYP2C19,RxNorm:121243,100410.0,True,56,A,1A,Actionable PGx,['27981572'],False,,
110186,CYP2C19,RxNorm:3638,100414.0,True,56,B,1A,Actionable PGx,"['23486447', '27997040']",False,,
